id_cliente,cliente,tipo_cliente,tempo_relacionamento_meses,faixa_renda,segmento
42951a449c395401a89736b485178764e46e964a1d6e69f39cd8d70d3125f3dc,Cliente_150,NOVO,1,MÉDIA,VAREJO
988839ce53a05a74ad11a3a6ee4856a2d7c209262510487c174ac136e8038549,Cliente_016,RECORRENTE,32,BAIXA,ATACADO
98d670705ad7198c59a2ac3bb9ef89ba93383a8463301ee134492a38361685f1,Cliente_013,NOVO,1,MÉDIA,VAREJO
5c7be73e45147bdac96a925dd4e591956463a0fe98aba0381834931c3f49c891,Cliente_181,NOVO,5,BAIXA,VAREJO
6fb0dca25b358c4928f34c3858e6a83a7b326d5000a2027a65739c83717a3869,Cliente_054,RECORRENTE,53,MÉDIA,VAREJO
4748a7efc30d64e0dd19261fadcd1bf5f50f45f174c3ceb4c7e422b31a58335e,Cliente_163,RECORRENTE,36,ALTA,ATACADO
3b650150b27560b816ed9c7cd5072dd5e4e46b479262062b1a3c0783012d9507,Cliente_067,RECORRENTE,46,ALTA,VAREJO
dc8fcadde6d53d9b5c53f920d12ec42beb384ee3a6405d703d0fc17068ce66a1,Cliente_006,RECORRENTE,23,BAIXA,VAREJO
480a1c686371159f9653966165b568a9d698f2bcb50b258f08f31fc00dc1b63f,Cliente_178,NOVO,2,BAIXA,VAREJO
6198c01827dee9b84a1561b472721901bee9213ac25b54747ddf3c08e8bc85c0,Cliente_071,RECORRENTE,8,BAIXA,VAREJO
77596990584ce77b92fd17d03d7f5392f1f02c5c31b8a27edf96b4e883d0b2af,Cliente_022,RECORRENTE,14,ALTA,ATACADO
82e740155ab8ab815862fd024e9de4c72d268e68b0310f5e6841fa2f9bab40cc,Cliente_053,NOVO,2,BAIXA,ATACADO
d277716a6c4a9f5986e996d46f156ed7b2c9941cbda32a12f5861799919a37f0,Cliente_041,RECORRENTE,20,ALTA,ATACADO
45f209fae9a1fbccbc0c5f7f0c946ce6b274195f708a302c97f3a015f963bac1,Cliente_027,RECORRENTE,22,MÉDIA,VAREJO
a6217d7a7ff1f2d3f845e9cf19c65b971f0d28f36d18cd2781aa312b2f52bf6f,Cliente_138,NOVO,4,BAIXA,ATACADO
0d447d73a99654aa6f30880d3e28b964e65084e36bb90d6ded84a62fdc6cbe1b,Cliente_142,NOVO,0,ALTA,VAREJO
53b3685c21bf6b535dfd9f74209367da8a92c166aa898ec9c788c0de5cfb91dd,Cliente_123,NOVO,3,BAIXA,VAREJO
f949b1c70ad576992cfbfc066809275619036334d5e69877e0c445e1dcbd7d8f,Cliente_082,RECORRENTE,12,BAIXA,VAREJO
42c1475c16ef94d70c076d1d4240c439b14ed85d8d82161306c417b708b3671c,Cliente_008,NOVO,5,BAIXA,ATACADO
9e8188d9017bc07a4ef2023cb9d92a0e1e8f6d549eacc2458a572de848a87913,Cliente_014,NOVO,5,ALTA,ATACADO
953dc2e8877be02bf88fb2159cecf2a980be394730800a43e4d658bc090fea95,Cliente_169,NOVO,0,MÉDIA,VAREJO
4b6c324d9757592259958ba20f6d7c352b57978eb0eb3b5a41cfe944ce23ef71,Cliente_121,RECORRENTE,46,BAIXA,VAREJO
d87bfde4fd86f983775fe686d9df1ade3e408bad1b67f17df3baea3774706bf1,Cliente_051,NOVO,1,BAIXA,ATACADO
035115caafc168ef3a9cc163d4e2f06b3d241b82239681ce3352a94c3acbd9f9,Cliente_104,RECORRENTE,46,BAIXA,VAREJO
8ae57180911d3b842d1f3ee439f82ab819e6eb6aeb62aa5be5fc68551b652f62,Cliente_133,NOVO,1,ALTA,VAREJO
68b4d327b97b7d137f223b3a259d43058bb59c6121b63826dc57c6cd68075522,Cliente_106,RECORRENTE,38,MÉDIA,ATACADO
a67779110df5c659467047ba81d210e207c7e9492155866f9b1869b3b629d0a4,Cliente_121,NOVO,5,BAIXA,VAREJO
28f57d0d3af4d6d528ee6e50291e5c97d57b2663714ea6ce09791d7d74fc8161,Cliente_087,RECORRENTE,18,BAIXA,ATACADO
e39978fa78340496aab8af4f0ef8efa8e5f9e22426e7bf8560da2ab47058c9b9,Cliente_001,NOVO,3,ALTA,ATACADO
369f3457cba88fc227f0108614aaf37e5fc6e1e676e9154b6d655e76478f1ce0,Cliente_043,NOVO,3,MÉDIA,ATACADO
a404d25c6860f6ee36cb310ebf57f0207aa8d4131449be3e1bb3aa816f0fc1d1,Cliente_027,RECORRENTE,28,MÉDIA,VAREJO
ec04ce7501d0d21dec356e6f7e25bdb86c60f6647725179a4a3b5e54c5dd567c,Cliente_115,RECORRENTE,12,MÉDIA,ATACADO
1d90066c509f5f74129bf7dd692c2d2e4677de831fb3b2a35aec7b273e51e9a2,Cliente_187,RECORRENTE,18,MÉDIA,VAREJO
db7e8ccdc71e8dfdea1671d7d9b25de85cbf94acc07cd1e7a629a21fd5f05e2b,Cliente_023,RECORRENTE,15,MÉDIA,ATACADO
45acabe4aef41fae242eb3b5b1b80fe6c1da84b4046b97912f71b3e7e34b8661,Cliente_115,RECORRENTE,35,BAIXA,VAREJO
79618ffc8e44cb5356f9b60a889be47ca93ac71755b7a46445ecd3208cefc38d,Cliente_035,RECORRENTE,9,MÉDIA,VAREJO
9b42cd4817b94c126541d605297e83c9cd5bdd85add587654ff6008c8ac0e8f9,Cliente_114,NOVO,4,MÉDIA,VAREJO
2918f3ac58f171b342fff72e232c2e7a4a497cc9690ef16bc8f9e9c9df88a773,Cliente_089,NOVO,0,BAIXA,ATACADO
2ba706931d50f87a25d25f159ae986c50e3d30e4560966bda034f46f4042beae,Cliente_060,NOVO,4,ALTA,ATACADO
3aa15d9cba6d9ff4a4d39997f68ce4021a42e958f078cf403d84a9cce3fb0528,Cliente_078,NOVO,2,MÉDIA,ATACADO
691916afcb69ac7f9c25663af95a8f0cacf1cc6dde5c3c3621d3f93c4a363090,Cliente_174,NOVO,1,BAIXA,ATACADO
bbe20e37d79285355d8a632e8ba02f98ec204d5105b9a6a1ad902d07bf76aeef,Cliente_141,NOVO,5,ALTA,ATACADO
228c2685c11b3e9ece73908083f17bace6e642a45cb804ba40e7c2cd398e22b0,Cliente_149,NOVO,2,BAIXA,ATACADO
f8f3b6467fe9e848e5fb5fde4072cebe4d52952a221f56a9d2df8cf62707cfd4,Cliente_125,NOVO,0,BAIXA,VAREJO
fb9261c5b67fef2813bbd6ca02bd758e71ac3a1dbac8ea64b9e99075c5445ce5,Cliente_036,RECORRENTE,24,MÉDIA,ATACADO
ab3b4835be91e478881b15d5080caac9e5750bfe0bb3ee1f77a321fe31d36024,Cliente_048,NOVO,3,MÉDIA,VAREJO
ab3c32896bd02f4e7cc5ac50a806a12a2aae030e6b20c79f6ad0bef40ee6192f,Cliente_136,NOVO,5,BAIXA,ATACADO
14aa2f913456441cdb960f64c044bb6313e4b654f5ad58575352ac9734e0e9c9,Cliente_176,NOVO,4,BAIXA,VAREJO
2a3032a3057be54d70c9ecdf038263fd2227ddea6d8c00a6ea9bdb7ab8e2e838,Cliente_029,NOVO,2,ALTA,VAREJO
c3c4dbd918bddfc16a33893642a0efb7bd52ebea921a73d8a7c024cf86211813,Cliente_093,RECORRENTE,23,ALTA,ATACADO
bcab7488506cd88014168b7d92c5709bbcc570240ab1d8926400a0df5bbe9798,Cliente_147,NOVO,2,ALTA,VAREJO
fc3f3b9e4f2b3762972b9cb1fd151666649ac9a7cc4fd30fb633e5914ba83bbc,Cliente_057,NOVO,5,ALTA,VAREJO
664e249b18bb686a5ccfaa30e37b34a674325759cde44a9c44cbf1653bca8e6e,Cliente_132,RECORRENTE,43,BAIXA,VAREJO
6ed41e44d86c8881192d125c161b409f8bbd22af7ca128aeba10c49e1895a500,Cliente_118,NOVO,5,MÉDIA,ATACADO
4bdaf5c6ca12d43b197820041d991dd6b6869074b56964ec9635be0a1df1ef4b,Cliente_141,RECORRENTE,15,BAIXA,VAREJO
678bb8486ad23115b76f1fbb72504855eee019a0f0d87dd22b4845596eb71e75,Cliente_141,NOVO,4,MÉDIA,ATACADO
9277d88abf8dff8cb1795ccf28d1244f32476a94ece1c95cbc66efee91f8d990,Cliente_038,RECORRENTE,23,BAIXA,ATACADO
197964c688596e34ea75f0b710636eeb7cdd72fe2e273628826dd6dd1f9fed7e,Cliente_195,NOVO,0,ALTA,VAREJO
aa3d9a106050cfb4ca73f5ab481b51f5a91eff27476efe1551132a8b64061122,Cliente_104,RECORRENTE,48,ALTA,ATACADO
74b7b03f6806f0d8575a3f1c941462ba415517784729ea580feb53eb4d4c3ff2,Cliente_168,RECORRENTE,23,ALTA,VAREJO
c0989ffe0c076f89bfa429fc07776148f0f6f986db7d92b64baeb3cedfbe2f37,Cliente_185,RECORRENTE,57,MÉDIA,ATACADO
feec986f6ae424c532950b40274cd51a8afb0896ae2879402f0210fe343486c0,Cliente_128,NOVO,0,ALTA,VAREJO
e334e10e5882f831e01452d71768169e0558dd994b29698e4cedb9a1fd9c198d,Cliente_034,NOVO,0,ALTA,VAREJO
d52ac1bbf4187a0725a6e69158e6cef4e7810a976063622c5ae03a739a56218f,Cliente_179,NOVO,1,ALTA,VAREJO
613a42ac92444cd39ebc72414e1f41217225d217c2f125b0a148f9f3bc91a5b1,Cliente_176,RECORRENTE,58,ALTA,ATACADO
bab717cfda4baa7026d9dcb405fd5ec5b1b78a9dbf570d5bb6c40608866551e1,Cliente_088,NOVO,1,BAIXA,VAREJO
9a647202a04b365c093feeddc6e39bd0c3ed7275812681e05f584d71a18963c5,Cliente_081,RECORRENTE,17,MÉDIA,VAREJO
4448618f4a05b59cb55d213cbbd69ecc1702aed2a8ae22ab362e302d933b64e4,Cliente_046,RECORRENTE,22,BAIXA,VAREJO
f23c4dd01061b22ab3f6cff94523d7aceca448d84b05f35a15230f7ac0ad9b44,Cliente_040,NOVO,4,BAIXA,ATACADO
0229837beeea60192341fbcd51233426e43a9f8f4bf748a65c012e0821409bc5,Cliente_025,NOVO,4,BAIXA,VAREJO
1ebd091eaada8b8bc11589c1c163dc89d1e0e761c95dff4c046ec61cad3bba45,Cliente_159,RECORRENTE,23,MÉDIA,ATACADO
e87237ada227dd9053f5b8803e6ed01ec30d6e649644ddd002213fe5236b2f7e,Cliente_048,NOVO,0,MÉDIA,ATACADO
c3977635a266996d3e05d0382a42076d6f04c9064bd12587dd3f6c0e9c083451,Cliente_109,NOVO,2,MÉDIA,VAREJO
7d0de5cfd6a299ab070128b3505ee852adf869f80a7afc34c7a73036494f6ad7,Cliente_090,RECORRENTE,45,ALTA,ATACADO
f7671d81d0b8dc1a68c49ccd4a31861daff662bcc96f99c12b797e09ceadfe40,Cliente_092,NOVO,0,MÉDIA,ATACADO
1c414e3dc3aee8a545a3cbc7147c9e4ac3ca26fb9ac6f0c352650d70c7f67b04,Cliente_139,RECORRENTE,14,ALTA,ATACADO
767077671d56fc7385333bd7299ef16fc8f6320561bec1c3b90bcc7499bcb962,Cliente_125,NOVO,3,ALTA,VAREJO
c9c78d2bea5c0a46f4757b27694c9d17083a55f1c1d0886ee9e36dfd8df0e648,Cliente_114,RECORRENTE,34,MÉDIA,ATACADO
7075cdd395c33755a28d5fd77b01ac2fe7cd7a46ad4f0efcb4425413ae501534,Cliente_005,NOVO,0,ALTA,ATACADO
081f7613603370a28bf0c29d1330600ee17ccc46a4673c8bcadfa6238ecb0bc9,Cliente_117,NOVO,1,MÉDIA,ATACADO
bdca591e07a69b866c0d43dc31909ffa583a9dfad8203bf47a52f9643d0c8be7,Cliente_102,RECORRENTE,30,BAIXA,VAREJO
6a6f53c3a621be3d5a9792a60000267bd6ca23d63c2d508cfeef897ceb25265a,Cliente_156,RECORRENTE,37,BAIXA,ATACADO
dece045949093486536f88ece81b22b4c5116bdb5267393048975b136aa0d65e,Cliente_154,RECORRENTE,32,ALTA,VAREJO
41403b1ae15666ea7f1bb1ff31e938f60b74d3e9460955dd0c75026d91c5ac92,Cliente_113,NOVO,0,BAIXA,ATACADO
44842888db388f0af61907248f84d79c65e5534460eb0668d4d95078f1678b32,Cliente_163,NOVO,2,MÉDIA,ATACADO
f99dc3f14dbffadd1d6abf648744909c93c8004321cf97aa6c8c2e642dc0975c,Cliente_170,RECORRENTE,8,MÉDIA,ATACADO
a6bc4c2d759486ed9f898b8e83af29287f0cb419ce2686aac9459f49bef086b0,Cliente_105,RECORRENTE,14,MÉDIA,VAREJO
03584c6c2425b7de7b6e3df77417c9156d6bcac3bd6dd92f84f6f228c6416470,Cliente_160,RECORRENTE,51,ALTA,VAREJO
5a2b8a359377951f72ae4baffab03e74af99a4a9d17627ae6bb47d385abc5f3c,Cliente_011,NOVO,5,MÉDIA,VAREJO
6c532e93b6d3f87c7c8ee2bb9a629daa23753efd82dfd66009a2e87003c6ef04,Cliente_018,RECORRENTE,35,ALTA,VAREJO
d36b57bace654eea92d421cf10eeffed8f275ac8b9090ed2155cd43b8fcc2867,Cliente_111,RECORRENTE,53,BAIXA,ATACADO
ed38c92bbc76fc4297cf8bcd58f33edd95f205290f3bdb6619f0fb50921e910e,Cliente_121,NOVO,3,ALTA,VAREJO
e1a343641f240770d3a153e1841380439d19e39b2283709abf55dd8c19ad84c7,Cliente_090,NOVO,0,ALTA,ATACADO
d2778332fdf6b576ab9d82e63c8234342cc886252f050b79ea9fe8d64450961d,Cliente_022,RECORRENTE,6,MÉDIA,ATACADO
f0630d84c16ff8d1e41fd9dda83a28dc13e1a97e2fd9228f9f080bf72f7a6790,Cliente_043,RECORRENTE,30,BAIXA,VAREJO
74677cea209f04668039a160940015e5dd7c17b2909e4cac9c2552699e1de0a4,Cliente_116,RECORRENTE,37,ALTA,ATACADO
579f96e4671143b27184d72d05cbb6c3f4a31f6e3a029ee6575b18ff5c25bb8d,Cliente_148,RECORRENTE,36,ALTA,VAREJO
95cc234bf54a3294320ce0f2c54a94a023ac28ea9c4886705bdb7e2a5deb9561,Cliente_085,NOVO,1,ALTA,VAREJO
fcfa6ef7eace149d78f3a39793d8635de86075facfcf8cc31d659d261b87358e,Cliente_049,NOVO,4,BAIXA,ATACADO
5cbd64ba93c7f8286583229f3bd82da4b7efc70f6edc910bee9d476e9e65dff7,Cliente_062,RECORRENTE,59,BAIXA,ATACADO
d6afa0e2a82ee8db0f96013674db0e9b0adc6136abe57dc1b631e3a0636cfdc5,Cliente_147,NOVO,1,ALTA,VAREJO
3961a8268d70710ba6118fd8c9666a1348d40be5a8b64001a851969aab491bfa,Cliente_112,NOVO,4,BAIXA,ATACADO
a277d9597d84645c24a22f7f59d4cf065f070a058ca6dcf5685b775f8a509e42,Cliente_128,NOVO,0,MÉDIA,VAREJO
61544804122975fd8621e3d0cf60db6f9eb2e203dd5cc88a0a215714d1266075,Cliente_138,RECORRENTE,42,BAIXA,VAREJO
319c80922714d62b2d4d67e23449e209a0e13f0d471a636456b1588cc33a3029,Cliente_112,NOVO,3,MÉDIA,VAREJO
87818e40b2ffdcb7d2f6857869fc1eee8f03dbd509b0b046761f19ad79ba5dc1,Cliente_022,NOVO,2,BAIXA,ATACADO
df11ff9a0f823c15dea706cfda5b25b2951cbd62194bf004aa8fc18a12240b19,Cliente_126,NOVO,4,BAIXA,ATACADO
2063e059bb1a351b2a9863a424cb466b25670591b254e3c813fe3efc0ac630bf,Cliente_001,NOVO,0,ALTA,ATACADO
40f54f9381db2a3e96165f097b7aefd0a7d653f9a9e2ef749a1266e89871bea6,Cliente_014,RECORRENTE,41,BAIXA,ATACADO
01b4eb1e2d272c858a0ef1a605ef586e5c6d10206b0193930c0f7ff6f9045baa,Cliente_182,RECORRENTE,43,BAIXA,VAREJO
1586d92bd1f613414818551f6935fe5beb7dc136fd33b3b8879f72dbf0dd1445,Cliente_184,RECORRENTE,32,ALTA,ATACADO
97e2de28af66f6c8c90589545f82ae75f08ed7c2bb52e57dd4be495a2b74ac90,Cliente_138,NOVO,2,MÉDIA,ATACADO
eb6c9f0ca543b7b73cae59d7d93996466782b604a15234ac1cd1d8fb865944ed,Cliente_003,RECORRENTE,12,MÉDIA,VAREJO
ac75d1ffbe281b531e0ffd33d9bf8436398d032bf3733587a37d301ec5d03bbc,Cliente_106,NOVO,5,BAIXA,VAREJO
2b87d420722adcbe77637456c7942117f1bd51919de904f7d7779ed91433d1a2,Cliente_152,NOVO,5,MÉDIA,ATACADO
cada833a70bbbdaab097326d98a3478b9644e6d064b52277cc5fd147244460b4,Cliente_163,NOVO,3,BAIXA,VAREJO
4c53afd262de5933e3826d5db2f85ba5e8d1dfe225d8e38dffa1fd0b42110cc8,Cliente_083,NOVO,2,BAIXA,ATACADO
d56916cb33c76dffa70ee7bdff8df3b8eed3b19b9cbbb25f21b968a68ebe2c99,Cliente_075,NOVO,5,ALTA,ATACADO
dcfffd25732d9af41f0004b7732846f17a493cba7d2570e1f27a475005f8c84c,Cliente_020,NOVO,0,ALTA,ATACADO
08a5e94733fcd7f46cf0453398f51b5aec025230db2531007b29a415da3e5f58,Cliente_084,RECORRENTE,27,ALTA,ATACADO
a874e26f306e0f92703a04a7621dcd0c4473b0fce4a99a3ab9f8b3ffedbfa255,Cliente_112,RECORRENTE,20,BAIXA,ATACADO
3cfce57daa901378bdd4b85f1bed790725dd5be35300f2ad78bc510bbef36d50,Cliente_009,RECORRENTE,46,BAIXA,ATACADO
8a6dbf1fdf3091749dbba90f465e8df98efe6f3a71c5215d26a405d6e468fb4b,Cliente_095,NOVO,0,BAIXA,ATACADO
0ff931ada7813463c61c53de353052a4f6a0a94ad2872916a6422b37e26da5f8,Cliente_100,RECORRENTE,54,BAIXA,VAREJO
b2e01c56e23fa58114d71064b24f239ef8628defe942c924938eb7c62a3fb2db,Cliente_019,NOVO,0,MÉDIA,VAREJO
f556e14a09a09de34638d26561a257a7f9020d48874f72fab58efea3793214c8,Cliente_031,RECORRENTE,56,BAIXA,VAREJO
07d66151e21440089ceb30d4a78f92613ab8d2594204b7b206bbdbfc86d4b385,Cliente_048,NOVO,1,MÉDIA,VAREJO
cb7104d86c3718d6336b10e28b405c6f8764645dd84c82dee5f8436935fca0e4,Cliente_185,NOVO,3,MÉDIA,ATACADO
cfe4e57b35d452e20e74a5589ef6367908ee044b4bd0980a199b8651497874c5,Cliente_149,NOVO,5,MÉDIA,ATACADO
f4437700f0eeca02b8ce7d776e9898254cd61061676bb94b5b2893941dd270a0,Cliente_155,NOVO,5,BAIXA,ATACADO
aad5d437f895f0a49ddc85fea7082fefdd2c7e7e0434eb508eb0cd2eb9fd02a8,Cliente_148,NOVO,0,BAIXA,ATACADO
0ee38ce58e67dcf58b528ec4655d20d0fdb0bc6fd65cfc8b0e69e15191ea00da,Cliente_168,RECORRENTE,50,ALTA,ATACADO
05284d30e4a58f7227061fcb8e7dc1101d2e3765cc7d9413e155856ab46b057f,Cliente_172,RECORRENTE,39,BAIXA,ATACADO
ba2c5bdf44c21a5e45222644dd9cbe980fbde217b0c1822eebd16141a4733d18,Cliente_107,RECORRENTE,11,ALTA,ATACADO
4843a5fcedb0fe39eefb001d5a597a02d4ea0623be48fc880a3970a5b365c9b9,Cliente_026,NOVO,2,ALTA,ATACADO
b60fb38bf76a65f08af961a3aeda5dbb8c1af8ba64245ab2ee4084444d030082,Cliente_109,RECORRENTE,49,ALTA,VAREJO
4f84ca23a73d21304350172a1433b5ee1dbb749d21981a4958888b624cf6eb1f,Cliente_174,RECORRENTE,46,MÉDIA,ATACADO
d6224f42aaf714f39c9e40cc943123fc6f291fbdb17c6ff8fc169496f2ec19de,Cliente_153,NOVO,4,BAIXA,VAREJO
916f2bbd26c9a699140d0d5eba9b2ed6485672e8e856bef1b40160757172327d,Cliente_022,NOVO,4,MÉDIA,ATACADO
d4d1b725438e4dacaf7c7619611c040fff5619633c637eef52c08f93b113f53e,Cliente_065,NOVO,2,BAIXA,VAREJO
2dc66eebe83a581d75061191c234da5a9b4d6338bcd0be276dbb525699491a0b,Cliente_116,NOVO,0,ALTA,ATACADO
fd61e350a2b44816de7e7fa75987875320fce0dc78a1c576d757a776627d8044,Cliente_036,RECORRENTE,24,BAIXA,VAREJO
d7a2c51cfcc9d552dff589a7b51ce6f4bdd7c2b9263145f58b8200d5e76e1f24,Cliente_184,RECORRENTE,45,MÉDIA,VAREJO
971dfd1a94072f69b196878e57caaf26d59dbadf6f592e01bab37137cacd4473,Cliente_150,NOVO,4,ALTA,VAREJO
c585bb28afdc5fe8195aad87860e0d4623eff64b5160b35d2371a35416c2fc80,Cliente_124,NOVO,4,MÉDIA,VAREJO
9d12ac54ce35f9c1a6d79ea6f6346e88bf0d443cd070b61b504077c831d0db7b,Cliente_075,NOVO,4,ALTA,VAREJO
0048a15c95f4302fe83d26cef1e6fc6658f76da7dadd808c0232f6dac3f6c256,Cliente_097,RECORRENTE,16,ALTA,VAREJO
8f3d4a2a4e4a1a3052e0574258e3f52597f1ee6c2e8ea1ce37d6d07c38671bd0,Cliente_012,NOVO,5,ALTA,ATACADO
9ef8f535fe9c47fbb7a51641d791349bc651b1ed2a71211d8c181ff36c844ea0,Cliente_033,RECORRENTE,13,MÉDIA,VAREJO
f3942d8196fc2b8c401c515bba4c3eb0f7d95f04857e2cd22327cce6f37de55b,Cliente_087,NOVO,4,MÉDIA,ATACADO
4ed5431cd43382013562b3023e0086be7371832eebffbfae93792050350432ba,Cliente_121,RECORRENTE,23,ALTA,VAREJO
3ddf92cfae7063ade7d221fa2e6a72451b7438ba301552017cf06e0abada08e3,Cliente_079,NOVO,3,ALTA,ATACADO
3d0fedd5a2f601ef5bb1cc7cea8bf7165f34947ddb5d895ca176419572ed4b2c,Cliente_192,NOVO,0,MÉDIA,VAREJO
8088c1be53be167b19ce2648c156fa42bf589e87c9c6817bbf94fd62d1e9065d,Cliente_133,RECORRENTE,25,MÉDIA,ATACADO
75ef7e9355a56c97f358371c322dda2c881c7d350e82c00f84e5af87c8136283,Cliente_104,NOVO,5,BAIXA,ATACADO
c78859845729b0a9e10839661fe8e207da0bbcb4da863e03b9f0980196fb2544,Cliente_066,NOVO,3,BAIXA,VAREJO
96185e8ddc111079331f50716ff0a9d3ad68f19736c60216977471146dbf7482,Cliente_071,RECORRENTE,53,ALTA,ATACADO
2f4833150600faad733084a0436b97ea4db8d7a3cfb2309102939e885d69dfa4,Cliente_070,NOVO,3,ALTA,ATACADO
23559d0f2679f837911cea309b8c7ee84093b6c858e9d67b6583069ac5458763,Cliente_175,NOVO,4,ALTA,VAREJO
31f1ba33c9e91e55b3c46eb9365921394c2bb44f8c02cdcadf0997848c334212,Cliente_188,RECORRENTE,54,MÉDIA,ATACADO
3a95376d248fa4063c6ff5bd4dc19e28b2039f16721dd0836ed036be13fde584,Cliente_195,NOVO,0,ALTA,ATACADO
555b3e0eab2e6efed591e75569019c0546a242503ac04300ba1c93a1d9acad4f,Cliente_104,RECORRENTE,58,BAIXA,VAREJO
33a480cdba1b630c49cd2d06e65a1b248ffbe14d6d90c93678580f08abdc6c25,Cliente_013,NOVO,3,BAIXA,VAREJO
8bbbf6f49f9b9cde5bf6b244fa20a2f4092770683c81651e71cb789d1cd19380,Cliente_089,RECORRENTE,49,BAIXA,ATACADO
91e1e55e45a88d5f48519f7fe697f5e5f20faed3d7b1ec923be7d65050068cef,Cliente_150,RECORRENTE,11,ALTA,ATACADO
8d82003b959205608e2015f14b8b4105c008233e374ab5bc5b95d6784cf4183b,Cliente_166,NOVO,0,MÉDIA,VAREJO
bee2111dd016cb3d4d551e9b07774d79e9d08a1f120b06cc4e5ba3da61329193,Cliente_101,RECORRENTE,9,BAIXA,VAREJO
87a7590c2f68ac749a7ae27c71fb22e4f7d4c4154d07b4ea121d62229125f754,Cliente_146,RECORRENTE,8,BAIXA,ATACADO
80093657f59fa2b9b01ae4e4cc290e03aaa2c5af800ad377167dd7abf3de5e4e,Cliente_019,RECORRENTE,53,MÉDIA,VAREJO
80fe0aeb7e469a29aa1f645eee6312490014c996d56eaf69f7e2111cc4c5a2cb,Cliente_186,NOVO,2,MÉDIA,VAREJO
cf16113009e8343627b4c4e027d421c48917468afd622d6f7d9eef3f48c13c99,Cliente_042,RECORRENTE,57,ALTA,ATACADO
51b683eb8a2a7a7994a6407d841c88a10c0ff3b00ae347d5b3e64d8bd1e043d7,Cliente_048,RECORRENTE,43,MÉDIA,ATACADO
68fa911cfad084ac79754fd47270e343a3320bce46657f1bf2529f24487cf351,Cliente_025,RECORRENTE,25,ALTA,VAREJO
0915ae7faaa972c9a96a791600141a098e7da9b5ebe417cfe9116e7b0d90484a,Cliente_144,RECORRENTE,39,ALTA,ATACADO
f0f8d0022d2f86c0d63a4df1b67810692dad669a9d04ecec4f0dc96eb973d0bf,Cliente_072,NOVO,2,BAIXA,ATACADO
af26b300a09015d4f964e8d784c9eaab7cae8a22512069ba7e23064a9f76838f,Cliente_172,RECORRENTE,45,BAIXA,VAREJO
011733650a65b7db9ea88d1f0ad16722d5f2f3fe06ca84130865082a8047b9b3,Cliente_173,RECORRENTE,58,MÉDIA,VAREJO
08584caefa62c0fb84ac5c0fc5a110d6207f9ff8091af712eb45f942786fd200,Cliente_142,RECORRENTE,42,BAIXA,VAREJO
6e30855c6d0b69a79c6bf19add4475f31a43f5847b310432d2b5889c1174810d,Cliente_061,RECORRENTE,37,ALTA,VAREJO
0bdadfce85ad29e272ed62dd3bdefd6e76e0d25282c28529b30682a995b97203,Cliente_016,RECORRENTE,52,BAIXA,ATACADO
6fdeeb734c6fc2dfa9927a1a85f6cf9819da748d63f4952e395c51b18e7f6b10,Cliente_002,RECORRENTE,34,BAIXA,ATACADO
0f3366c7cae6f176094f70caea3d25dabc80c0ec7d7c46deee8e61223c233731,Cliente_001,RECORRENTE,58,ALTA,VAREJO
8097842a6f82959217634d9d1968214f07c6e99c2015a3b6ea28bfcdbccc743c,Cliente_185,NOVO,1,ALTA,VAREJO
20fec05d36c702f01149cf35bf33eafe97c71a6d5d04810cc0c366284a8c58ae,Cliente_084,NOVO,4,ALTA,VAREJO
9c97d60d5fe8f667e82349920b3c4c074b69e24cb6e28c950b6e310d0f5e3da9,Cliente_127,RECORRENTE,51,BAIXA,VAREJO
9570a31857dfe09ba69795bd839f4455203058def33f47f0e5236afa71a8c29a,Cliente_173,NOVO,5,ALTA,VAREJO
1c9cd850c1ab2e2e7649604957b7f176ce29c433965447aca5e14791b78a17f8,Cliente_143,RECORRENTE,26,ALTA,ATACADO
51abd0cfa869a2615116c5380bcf05a15a0f9eacf4aae1223907dd6e96600a7a,Cliente_149,NOVO,3,MÉDIA,ATACADO
8d9a79ce69a1bbc08daff065fdb286d9f66ea594add7935104c0896fe4c0fb04,Cliente_115,RECORRENTE,36,BAIXA,VAREJO
499c9edabd87fccf15fd9692c4ed81d3ebd42d7f76ab4ec036921f8fafb5655d,Cliente_041,NOVO,0,BAIXA,VAREJO
e5a139533def862b3b32cd4cb46c0a169119f3f3148599e1d7f3be951fd86e39,Cliente_194,NOVO,2,MÉDIA,VAREJO
021a296563c6828361aa1d7b3a8cc30eab2ac8ac81e4f699431f86294fb7d4e3,Cliente_129,RECORRENTE,11,ALTA,ATACADO
27cf2e3ab3a1f64e8598a41572715496845a1cf15ce97847ec107b0601ded7fc,Cliente_093,NOVO,0,BAIXA,ATACADO
23852f509f68505da94f874a7e777b095b2b193f9a9794eee7051b1e1b5aef90,Cliente_174,NOVO,4,BAIXA,ATACADO
2c703d1478b74bc79295d298dcbe0ad508e1965ef6cf0ec80f0156bf2c5d45d4,Cliente_171,NOVO,4,ALTA,VAREJO
befc240774f7454dc637ff54e841c17b5adcdb0fc5012f0bc216bc8d85d9ffd9,Cliente_124,RECORRENTE,10,MÉDIA,VAREJO
df04c8930041c537faad14fde4be7a3204b6bf9cb055864eafd8529c258ce803,Cliente_016,RECORRENTE,40,MÉDIA,ATACADO
54d9a120982556ab7de2bc2697ca9155ba4784c7e53922e0f0c49123c0011c5d,Cliente_065,RECORRENTE,30,BAIXA,VAREJO
2e0dbcf3f63bd2c2f9c81e04b3a5eb7b5b58f28d6d408c859aa79418bce80fd2,Cliente_055,RECORRENTE,11,MÉDIA,ATACADO
3c374c1d082bc520c43ab16d0be6dc065d700ffe3f9f0b79d0ef01397be1e6ff,Cliente_123,RECORRENTE,20,ALTA,VAREJO
b4e926996ed9f2f95f9850eb5b361e52316fd583ad9dd1de064e78ffda836b08,Cliente_033,NOVO,4,BAIXA,ATACADO
ab20a421df641b4a30d08655c5a468106d4aef5c3e0f328df26e047bd10b83d9,Cliente_047,NOVO,5,BAIXA,ATACADO
529cd91631a3d08fa004bd52f8bb14d68086e1bcff52001277125846e041d6b9,Cliente_182,NOVO,2,BAIXA,VAREJO
590f938a9a68b7d7782f4e4a6d6b6e9a73fb353cc2841dce486fa029463fa606,Cliente_066,NOVO,3,MÉDIA,VAREJO
9278060aac471eb77445a1c9c62df999d33b2e47a19ad6b0eefebb602648c534,Cliente_185,RECORRENTE,41,ALTA,VAREJO
270c0329c74d836ec3594deeb6621d89a78ff99a768545b44f2090b2f45aaf2e,Cliente_158,NOVO,0,MÉDIA,ATACADO
0a1432e7e2f92d638ea50073476cb9d17604899df8a2caf7b3b63a4ae3888c7f,Cliente_123,RECORRENTE,49,MÉDIA,ATACADO
d9c8c9af6f93a3f00b84668f18f451d0af6f9b9256bf15d188fdb0f132fd2b74,Cliente_168,NOVO,2,BAIXA,ATACADO
e8b0479107bbd7dd5f133ca4229d5b45ace10dd718c4041ccd9b757663a71aa6,Cliente_129,NOVO,0,MÉDIA,VAREJO
f7b2ec336c5ee9a31884277b80c6fe6c01ba3a213bf2c94f5a6374a776c38cf6,Cliente_131,RECORRENTE,40,MÉDIA,VAREJO
70f2933585314b53c950235a3bf0be99adb5c7da9dc61f304537e9f0aa137e0d,Cliente_199,RECORRENTE,43,MÉDIA,ATACADO
25e23c3eabdbe252d36ab9ffaeb2b91e82a54c93768d9748df4adcd31fcb708c,Cliente_075,RECORRENTE,24,MÉDIA,VAREJO
9e12a28e5782ff52bf444232218f1a342776c3eefdcf803cdd3c9f8ec039e479,Cliente_007,RECORRENTE,59,ALTA,ATACADO
9fcf35502bcb65485051d713f99175e62a889ca480fd2dc9ce3e78993e4c2193,Cliente_056,RECORRENTE,33,BAIXA,VAREJO
784748ac53230cd9046c9f8d6d3f0bb1e79c2beae19a9eea10ebf1551aea818f,Cliente_183,NOVO,4,ALTA,ATACADO
f0ddef38a34610e7924ec2128cfee05e0248a16b9ff3842eafa7e7fa7acc5f52,Cliente_065,NOVO,3,MÉDIA,ATACADO
8e732a18a1476cc9c23cfdb61f0eeeff94c024da84dc59da39f2798af7b3a257,Cliente_083,RECORRENTE,58,BAIXA,VAREJO
184ef5adeab7a0f8ac77995dacb6a86bb3fb9f3549530a807c1038f2d456d5fa,Cliente_115,RECORRENTE,24,MÉDIA,VAREJO
8a90876f83ed1d617682b33546219b523aa071dbb5d01c1f1d9a12d49ea348ea,Cliente_047,RECORRENTE,35,ALTA,ATACADO
37061b5a0c62d1bbf2687858b5f15b77f92b4fdf5a1309ea2530f3f18cd0011a,Cliente_182,NOVO,5,ALTA,ATACADO
322a807fc8a29ee2a7691687f3163d1c1b8a0f45a885564358f4faa0d9ba52c4,Cliente_079,RECORRENTE,18,BAIXA,ATACADO
8a86d6b6ae7aa6cc83aa34710d269cf516ce509cd4231f79d07f89d4a5706bee,Cliente_176,NOVO,5,ALTA,VAREJO
b0f2cf58990e76c4664df76b25129fc1bdfb335f05e86966d96934f4e79ce59f,Cliente_098,NOVO,5,MÉDIA,ATACADO
adac22e1def7920800ca9ebf827f60a45731c7f66a93e183a7e95a769411c2be,Cliente_129,RECORRENTE,35,ALTA,VAREJO
4be79e5605d1cbc7fd3823e6827921e6412b7111b70960e3f0b522325c5d2a6f,Cliente_087,NOVO,0,ALTA,ATACADO
f8d1389985cb1042e2ce9ea79b438af91f89e5a10ee593ecbd31d5917bbd9319,Cliente_061,RECORRENTE,30,BAIXA,ATACADO
ea8bdd1846c9574269063c128deb9ef6b91929df71180c82d3c7d12bb35c8707,Cliente_036,NOVO,0,MÉDIA,VAREJO
aa009aa6fe0b439f695c3da6243871c56e2031f33742671e83e423427910bd5f,Cliente_117,NOVO,5,MÉDIA,VAREJO
c92da9ef09d6da378bde68d17f0323f0014593227149fd7e1b67f7a7c45c83cf,Cliente_036,NOVO,4,MÉDIA,VAREJO
630a3f8ccb6f182aa247b3d3c2ac139a632a9495beb55df6058d5c30828a010a,Cliente_180,NOVO,4,BAIXA,ATACADO
f49ae06b38b4ba1d8c8e0c442b8635538eee70cfc8a31b1a45e8c698e710cf5c,Cliente_019,NOVO,3,BAIXA,VAREJO
79d864f1dcc42380175474bad901b5c1fce65b87e4935abb475ac027036115ca,Cliente_053,NOVO,3,MÉDIA,ATACADO
4e26ca7b6cee8b015839f8d3de8fe1232f57323de003401920cb1ff9f8aa882f,Cliente_016,NOVO,4,ALTA,ATACADO
277f88ba0d9ebe0d9e491d7a76ec4713ae0cab67c569ded26f9cf2c26a7f3b6c,Cliente_099,NOVO,3,MÉDIA,VAREJO
fd9509ea2f22125ea57c168b3a47880aee46fe24bfb8a35c93778faa66d01566,Cliente_129,RECORRENTE,13,BAIXA,ATACADO
9a26a3027c320cf4c10ead25cd37886869ea6aee9478e652795c934fe4280caa,Cliente_139,NOVO,0,BAIXA,VAREJO
7ae7d6cc331b69ed695babf5a2e6d130fdf80dd4eb0795dec9d84585eb8c2bfe,Cliente_159,NOVO,5,BAIXA,ATACADO
b1f80b4630b905a0474510f78b5bb4b5303c9083f1f8b3061c40610586c0c398,Cliente_005,NOVO,4,MÉDIA,VAREJO
fa21ae9841ec5fe40189cc4f0109818f66190d47b0b3c3e8b7a964bedf9630d6,Cliente_008,RECORRENTE,45,MÉDIA,ATACADO
e9109cb2686117c1bd11551dfe1fbd14ebbca313a0dbe0f80666baf5e31e21f6,Cliente_090,NOVO,2,BAIXA,ATACADO
d9998374b2540a4c812b8a6947ee04998768b6ff2ec1b3f83bfe5f3117b9d241,Cliente_092,NOVO,0,ALTA,VAREJO
b79fdacb4ef00daab0e2b51054e72fd2defb29d07273cd154bb17802c4202f52,Cliente_009,RECORRENTE,53,BAIXA,VAREJO
adc8e932c154773cebb16c2ab83ed0de31284be4c11915f7f42e885d2df27b5f,Cliente_048,RECORRENTE,28,BAIXA,ATACADO
928a6efab8d2b3d124c42c80b4e883a1a4fe8c117e512bceec9bb725c5b51d52,Cliente_090,NOVO,5,ALTA,ATACADO
f765dd2dc091ac2df3e07eb99bcae2999e5c07a80d5b981397d7a36777f72d32,Cliente_126,NOVO,1,ALTA,ATACADO
61dbdacd1932350a41eedb2492eb7b4f16106f99c626b8b54c2dd0343bbd418b,Cliente_041,RECORRENTE,27,MÉDIA,ATACADO
d26f89ad0df7106d40f6c8adabaf5bf7435702ad72460cdcdf2c13c3b4d4fbce,Cliente_061,RECORRENTE,23,MÉDIA,VAREJO
b24e22b95b8610f19283c98b4d3e8ab8000a68229fcba66c21b18262dafd675c,Cliente_140,RECORRENTE,39,MÉDIA,VAREJO
a5a5feb50423e5c215b5d7497022f25b5f30609232534dd829f6afaec185d08e,Cliente_190,NOVO,5,BAIXA,ATACADO
fcefdca4e1cedca70822913a3404ff54044b4f639db5469d81114b19115ee081,Cliente_013,NOVO,0,ALTA,ATACADO
3fa851055227e6ed7de6648e01e1296a306bc4e10934092db96e970e87bf7324,Cliente_094,NOVO,0,ALTA,VAREJO
1a0d449c56e2201db9934f0f4a27c9712fe6138fb8327fab640158ad22cd8106,Cliente_183,RECORRENTE,48,BAIXA,ATACADO
14c194c7b5f89e0a06a20dabc799397ffad4aba691610e0293894a1e230ffc65,Cliente_005,RECORRENTE,34,ALTA,VAREJO
d48e5ec099ddd2ea9c5dcb896edb16436ca8e9d5be52bdc8d2d8c1f1b0cc59a9,Cliente_192,RECORRENTE,57,BAIXA,ATACADO
813a38dc3d0c1457b66618f9de217fed49f517413cc28d7361285353f2514eeb,Cliente_071,NOVO,4,BAIXA,ATACADO
0690e478463288591bfffaad68f3ddae76977e13cf4e331ab1431e8a6af6daa7,Cliente_018,NOVO,1,MÉDIA,VAREJO
da7da966adab7b05943a0c6f36f1695e4034432889aca9863da4dbd213f6b806,Cliente_180,RECORRENTE,26,BAIXA,VAREJO
4efaada81d478cf9004c0eee7ad9f898f93cbc5260dbde87792a5976706541b4,Cliente_168,RECORRENTE,46,BAIXA,ATACADO
36c66f3e0171d1d8565c6c934ad24bfd184dab38402bfeebcb60bfe2348d1d3b,Cliente_074,NOVO,3,BAIXA,ATACADO
d67378d085b73e9daccea2beabeb687170bfe54a31878af24175b1ca184904db,Cliente_195,RECORRENTE,54,ALTA,ATACADO
4c5b173bb21e183398564e3ad9815dd069696f0ea544f0afdcbe453c53e76174,Cliente_162,RECORRENTE,16,BAIXA,ATACADO
dd8296f3ecd533c1148b64b600bfdc1d2867c80a3598af783903d9641b0f0d03,Cliente_197,NOVO,2,MÉDIA,VAREJO
f93a0af0352d5351763340b26ef965b55c358e333c7301546e15d2eaa9a2b662,Cliente_045,NOVO,5,BAIXA,ATACADO
e2b8cf6897c28c3d8d817471187467458c5539fdddee570963343d976942bba4,Cliente_109,NOVO,0,MÉDIA,VAREJO
2a02c772081e021b873418401ab1bd2a9a46b7ac5e6190bc91fd7e99b47f6bd1,Cliente_086,RECORRENTE,39,BAIXA,ATACADO
1228eea32317b7b1950d4ab7fc28f8ec2d5378c2e916b0fb98a21d018de7ce36,Cliente_186,RECORRENTE,58,MÉDIA,ATACADO
d24c949ecb18dd9ff9f4fe97f06526751b00ef926aa415341fe460fc507d6f9b,Cliente_095,RECORRENTE,13,ALTA,VAREJO
946e2b95865917181ce871bb32ea592831b2ee91762c1982da81158cdf63c350,Cliente_032,NOVO,5,MÉDIA,ATACADO
33c76b4d431b7faeb687e1c10d60514414166132af88bc56da859430b3899ab6,Cliente_179,RECORRENTE,31,MÉDIA,VAREJO
832fbcdbffe0e9bc307d1f30dd2c5fbab894afb563b65038fb7bac464245278d,Cliente_061,RECORRENTE,48,BAIXA,VAREJO
4333074411c891bb579861ed56270868350ee80382a6782ae3b854f9f9f4734a,Cliente_064,RECORRENTE,7,MÉDIA,ATACADO
99f08c19caad8d52fc9b90cff9088b13ecf7df98d31db55c9ccf84f8b5fffea9,Cliente_100,RECORRENTE,28,ALTA,VAREJO
57aed378885e4acf8d0656a0dced386dd2072ce9e7d425e51ec2fa2812277a6c,Cliente_131,NOVO,4,ALTA,ATACADO
67f2aeb0a6184de769a0bdded3a6a0ea0f3708a14a73ffa5341aabccd2aa9b3d,Cliente_064,NOVO,0,BAIXA,VAREJO
6ee0f86953d9d06fca4803ffa2202f3d30caf8ab3c09c0dd05997ed259fb805d,Cliente_111,RECORRENTE,48,ALTA,ATACADO
d8b26cd138eb18ea0a71af7e3acf3f2df29115669855ef3a7bf7ee18199c67e2,Cliente_035,NOVO,2,MÉDIA,ATACADO
7a3883fcddc3a427ffc648e3ee33a9db924251dafb34f898d75d7105451e9bac,Cliente_020,NOVO,2,BAIXA,ATACADO
cf728f738fc2a55084242d0f03894a9646bae2f162757e6bfd0690ace1b9bfec,Cliente_032,RECORRENTE,16,BAIXA,ATACADO
ef2f6fc78b07ed2c4cf9dea3b6801283ec1ac37195cf1c2b4e33adff4f665a4e,Cliente_177,NOVO,3,MÉDIA,VAREJO
5c4470ce4d3205a4c176b7f3d190b02672b90614e0a1818dbd616a41588ff601,Cliente_095,RECORRENTE,12,BAIXA,ATACADO
fbfb5499f8e719ea38ab8dca109ae35783fb3c3591f781c5cd6295c40426f95e,Cliente_096,RECORRENTE,42,BAIXA,ATACADO
c00684016f20c3dabc3548396085eb474681489eea44bdd3a3da11c8bd06506c,Cliente_107,NOVO,4,MÉDIA,ATACADO
a4501235b67c9b9a72abf466b718d1772ca6894c7eb1da7c0ae45324db0bde86,Cliente_154,NOVO,3,ALTA,VAREJO
0593e0f9f38f75f30504d00e52906b9a16ce2eac7700a05e7ccd2223635fdb3a,Cliente_087,NOVO,2,BAIXA,VAREJO
424a49886ffd3ef0ded34a3d6da363e6ea826a2c2672e9b419c88d63087cccdb,Cliente_157,NOVO,5,MÉDIA,VAREJO
1cbab13d9ee94afff0ca827c071e27537655a29546e1c87fd185f75b30d7cde2,Cliente_028,RECORRENTE,43,BAIXA,ATACADO
ddded2b857be0913335ba133ecf31b52c87366657f76de273e448e684b06faed,Cliente_037,RECORRENTE,53,ALTA,ATACADO
8c5fddd0de2dc29eec9ab6123f3033ee8a737014d135e88b2f680745c8689973,Cliente_165,RECORRENTE,43,ALTA,VAREJO
34b442473a12e5cfa04c7e10da19cce2841c254ce6b47c8fd18be01fdcf39390,Cliente_164,RECORRENTE,49,BAIXA,ATACADO
5d9f2419e703226281e9bcab25e219fe3d7d2621fc5dcde22d1a7875577fa573,Cliente_011,RECORRENTE,23,ALTA,VAREJO
3147ac425a56434a0bd35ce55852b02c21548b6979bb0ece8e8c81a285f7e824,Cliente_032,RECORRENTE,22,MÉDIA,VAREJO
b0c5f87c69cf36d157287fa4fbfd509a9869fbace1f693f2c526048019c58578,Cliente_138,RECORRENTE,18,BAIXA,ATACADO
52f16b9d63d3f583aba2a68ec3bed9f032189ca7d0a9c19ac78e9362d29ef438,Cliente_011,RECORRENTE,40,ALTA,ATACADO
92b685a7d650059460c888f36ad133c21dd1508e65d43b0133b4ebe1723076e6,Cliente_148,NOVO,1,MÉDIA,ATACADO
4260442d7f0aa3b2da836092ca9e20d06c91acc5c48c9c3fbaf1a9dd13e6e1a6,Cliente_120,NOVO,0,BAIXA,VAREJO
c0880307c6c5188e73fc2029e0eec75fa97bfad77b1e2c154d4b452980150cc3,Cliente_120,RECORRENTE,8,ALTA,ATACADO
ab11b9bcc0703c38bb370a9469ef959b55abe7dc63a83158e6b31a623eb27234,Cliente_060,RECORRENTE,18,BAIXA,VAREJO
7efa56081237314a3b1ac0839458560abe82129d1d5301fd7799a4a2e4be9545,Cliente_119,NOVO,0,ALTA,VAREJO
91aa836578ebeaa03d95e831366cde24edf68b455b769b1a1d3282407e6dae5d,Cliente_080,NOVO,5,ALTA,VAREJO
d3c69ec829d21614f39658e9102313adc4783c584124b39760f7fb992c5cc35e,Cliente_134,RECORRENTE,50,ALTA,ATACADO
44dd2a3a1bc189c7f46f2998c6f12f3dfd2c1ba31cb5fb70d96c262b28153252,Cliente_099,NOVO,5,BAIXA,VAREJO
cec13af4841f5bbef64e4e18a11a961de5acbf29fe4708c01af99553dcb86f00,Cliente_048,RECORRENTE,47,ALTA,ATACADO
92afc944ac46553705e2b0a7aaa3da9df4cc598095035fc4bab9808844466356,Cliente_089,NOVO,5,ALTA,VAREJO
aa192189aa0b53e2b2c7452a07d677ca2f853ea443ed7d3d0a1c35e33396e993,Cliente_006,NOVO,2,MÉDIA,ATACADO
97ddb71bd8995c01a40c0a5666cfa07c9799dae53b76f989b58c6b522dbdea4d,Cliente_053,RECORRENTE,9,ALTA,ATACADO
86e8b6e5052f5bc16d617a2535274a415e072f87e1d4c880e82f3b1e983fc6bc,Cliente_092,NOVO,2,BAIXA,VAREJO
644bed57c3a51993d08375a42393c134f858b3b9456417e192f4bf8ea32a9c9c,Cliente_096,NOVO,4,MÉDIA,ATACADO
96d55d314bbd855f22a5a94d1f1f3eafd141b7d488b406f1435f20cb466c3f98,Cliente_026,RECORRENTE,17,MÉDIA,VAREJO
5766f45c586b98c225e12791616f3816da4be58666d5cf26b733af2de30ed4de,Cliente_051,NOVO,2,ALTA,ATACADO
d8cdaed660718531ff86fa05d9713cb76754c5fa5541b9a11f91c12dd1dc3365,Cliente_137,NOVO,3,MÉDIA,ATACADO
86f283456fcb3af7eb8f492c8aa052478fd1879714837f6f98825833dbbf6b6f,Cliente_195,NOVO,1,ALTA,ATACADO
0584d5d1bc3bc04baadd9f9696968fee43803b3461316c41f64f7d81d4d1e943,Cliente_092,RECORRENTE,19,MÉDIA,ATACADO
81851053f37156fb80eef4d19d71b74e8219ea373644860661dee477032d36cb,Cliente_145,NOVO,3,BAIXA,ATACADO
d119be1e54ade444d4cc97f2ccc00d6d2a25bc3a60f6768f7c5be24b73afa71b,Cliente_009,RECORRENTE,36,MÉDIA,VAREJO
923b3722fe691518c35b027aeda563805bfdb43c644d7addb073d23af0f3e979,Cliente_085,RECORRENTE,40,ALTA,ATACADO
e3bf1a0573e3e9e4fb7a85a541ea315c57ccebb180d4ad238a52e226c3fef9c2,Cliente_088,RECORRENTE,38,ALTA,ATACADO
7148623dd98c0dc903b542771aa4303f4d8034304a6cc6e6ca590d2edf4fc53b,Cliente_128,NOVO,2,BAIXA,VAREJO
49366fa3bed75aae796c71dd7ea56079204a4b5589c494c70c76f8088fd237b8,Cliente_098,NOVO,4,MÉDIA,VAREJO
aca37119e7d634fb6afc06ec3f5b52a2d47ecb54006e7d7fc9f9a693b5d2346f,Cliente_194,NOVO,5,ALTA,ATACADO
1a7848666b6d875507ad6e3c3bc76f8654ff3ace65c4502a9850dca0fb8c3d89,Cliente_128,NOVO,4,BAIXA,ATACADO
86afa1f0f2f398ecbab9b8292386bd22a42aa4fc9f66ae6d816b14431e6cbde4,Cliente_037,NOVO,1,BAIXA,VAREJO
d5046e70042e9516fe08dd8c8def2ff107830dbde054e3def27ce7a18792929d,Cliente_018,RECORRENTE,22,ALTA,ATACADO
5c749a3cb4d7a3e124f201f777ee69e4f944c8517dd65d28f3b4aefa2251906e,Cliente_188,RECORRENTE,52,BAIXA,VAREJO
748d5cf59c97a4b3698dac5aaa5e292e56dcc749d6c4caafc5283f62ee7cb9e0,Cliente_049,RECORRENTE,19,BAIXA,ATACADO
e360c45ae8bad47bcc841659edd8b9c1e07394a51ea4190b6a898bfd7ce35db2,Cliente_052,NOVO,2,ALTA,VAREJO
605e1deb9c7065a7a6713bc4fdf0ffe35388802abb8b41e0bacf48dbf6683627,Cliente_183,RECORRENTE,38,BAIXA,VAREJO
74ef33f74a60ed24d8eefdf0fec927648535abb2340b272331ee4dc499aa3429,Cliente_071,NOVO,0,MÉDIA,ATACADO
48b656991c7e1cbcb58f62b052982b8000eb7e34fffcc65e37469a1e150fad0c,Cliente_165,RECORRENTE,33,BAIXA,ATACADO
35918957ba799f53ad0044b9c54dce00ec3ce3d2afb4fa0d96b7b60baabf29c7,Cliente_151,NOVO,1,MÉDIA,VAREJO
3e39c175f520b0b16c530fec512b774d9bb0abbecfe6bf5ac1ea54eec2e74a78,Cliente_120,RECORRENTE,35,ALTA,VAREJO
7a9762dd67e1c81b7561e142d53cf7ccf35bc2cfa49eadc3e6683f16e3983e85,Cliente_165,RECORRENTE,12,MÉDIA,VAREJO
b471ef83a28bdfaf367f4266ce39c5f0f3dd6adb0d0f0fc4b8e9f38e1caf7407,Cliente_126,RECORRENTE,52,BAIXA,ATACADO
4eddd4981af28cdd3f099c2440eeff472ab27304d3e2110fb2ee6ffa014628a4,Cliente_074,NOVO,0,ALTA,ATACADO
0d5ac8eb343320aa744b4d23a5945ce99e20f20e2f2ab8fa2b62db4f53435e14,Cliente_154,RECORRENTE,52,MÉDIA,VAREJO
2af1c561c0da26fb2370f2df4c8e95ff6cc3fc019430771d6fa3d8a63d75eb0e,Cliente_089,RECORRENTE,30,BAIXA,ATACADO
334b52d367c667eca55a85bcd06c07e1036def78b8fc47616fc6cb8e40343484,Cliente_152,RECORRENTE,57,MÉDIA,ATACADO
3163fc9e8ce559778578f8c87d7894600103a6c2ce630fb89aca59d3d2ede8c4,Cliente_192,NOVO,2,BAIXA,VAREJO
c6cfa3faac8283238275937aa901821bae484d244b6618070b830612fe1c8c07,Cliente_033,RECORRENTE,29,ALTA,ATACADO
ebe0bd76bfd9f684a85e8aeca4f8f3b44277da835d337d23d1e38cbc23705952,Cliente_185,NOVO,2,BAIXA,VAREJO
a8fcd7914bde7937f453a4c62857d482e406265b5adb30efe830acdb418638a8,Cliente_130,NOVO,3,BAIXA,ATACADO
cf8ba5f8ed49f3ed29d96c64dcc0006ff90fc9cb8316b87f66a858ecb29629e2,Cliente_123,RECORRENTE,34,MÉDIA,ATACADO
7b6ea4983a67a96a97f36aa93e8faa1ae8a59371b2aff384cf9dafc0cb557cae,Cliente_092,RECORRENTE,12,BAIXA,ATACADO
296b2b51f71b0cdf0388cfe93f6ea55b23bfac98f6437bb02f98ddca8e45c9a7,Cliente_017,NOVO,3,BAIXA,VAREJO
2fadefb76d1baa660c8bcfa421c2c0d052a9b1b38402d631d0a4fb8598646ca0,Cliente_145,RECORRENTE,29,BAIXA,ATACADO
834a7b8825141fc8d8785a858126ff143064ed7c77fc78f8c45808f13c8f937c,Cliente_032,RECORRENTE,38,ALTA,VAREJO
bff141281600a22f240ffad4acaaec37f9711d0ed61677ecb9ae8830477e2af6,Cliente_175,RECORRENTE,51,MÉDIA,VAREJO
2c15e762cd0aaacca8bce693d828209889a60eb03504fdf8185a3861b81624f3,Cliente_035,RECORRENTE,17,MÉDIA,VAREJO
5bff53069fb1039b12d550948c9205a068c0d77774612475c5177c869b8e5de3,Cliente_017,RECORRENTE,30,ALTA,VAREJO
dd9d40af062a58f952044a9bd83d6a36fe1a0d91b31f872d4f69fb0de7da162e,Cliente_099,NOVO,3,ALTA,ATACADO
58284cb55eccde6f0860fdeab432bd77ed4e1fb1c7a03832530e490f7fbe5535,Cliente_129,NOVO,1,ALTA,VAREJO
a8531477af72cd495eaee367d53788b97f7a526a8107ad09c83b535f57165247,Cliente_106,NOVO,5,ALTA,ATACADO
f9f8327606c092328d6a8b261446612d617c8de69f72887e1c106f481393e739,Cliente_053,NOVO,1,MÉDIA,ATACADO
2ba4c4ccff13cafd8fe1f02bf3e2b5c704907a4b9fa38c38a51259640f8e13d4,Cliente_167,RECORRENTE,29,ALTA,VAREJO
c81940c2ac1fe47fc6134256244c187879368d9b2d36bc0ebe06bc49a60a7dd3,Cliente_110,RECORRENTE,41,MÉDIA,VAREJO
bccd400f7e08e81743f8016f91af6c703480bd5fb20275921c48c0319672433b,Cliente_109,RECORRENTE,11,MÉDIA,VAREJO
53d75c6f7e77ad65a46e976dffe64e6df77eb877dbfc620a48677ec2d73a8d57,Cliente_124,NOVO,0,MÉDIA,ATACADO
e8c7c285c62cfc44d1f6069d5d6c98e26091de919349a694ac839985e9637a16,Cliente_065,NOVO,1,MÉDIA,VAREJO
e7e16a2f091d89006201ec333f00ef79442bb05bc41e84ffe4981c4546704166,Cliente_048,NOVO,1,ALTA,VAREJO
f031bc710533972b2b96a4a340464a50c9829a73f907d62c87b06a7c85c0c511,Cliente_148,RECORRENTE,32,MÉDIA,ATACADO
039601d86a611d3c57155bcc7c9ec6cc4873ea2990805a3fd61aa50742f80994,Cliente_173,NOVO,3,MÉDIA,VAREJO
f4d0b642d34034414ecb3d7560369cba779dc41283ce52604469572dd3d19aef,Cliente_160,NOVO,2,BAIXA,VAREJO
57933426a9f2eeed7173d47e54d3f3469ce278906a6575a4ed2f28677cdec686,Cliente_082,NOVO,5,BAIXA,ATACADO
48818e6bd8be12a1ae6522db65b71cebf4a4e17fd96883013e7d58379bc25cce,Cliente_162,RECORRENTE,19,BAIXA,ATACADO
6ad507253dd99b95d8e9a9c3210e4f65510ffb4b21ee11ee88f4530cc6f61ba7,Cliente_196,NOVO,2,ALTA,ATACADO
6b5a00d4b1c900b76911ee1904b4943704d7d26223f1b9d6180f7e1fe13c31e5,Cliente_014,RECORRENTE,26,ALTA,ATACADO
e7511c0c443e477fe0ab530666e917e35932e09472435c68bc2092b5205bcb57,Cliente_050,NOVO,2,MÉDIA,VAREJO
685a3df7564e64fd2ac371fa493aafbdff9679f59d31e80c70efac5485513355,Cliente_109,RECORRENTE,48,BAIXA,ATACADO
f51cab259853ad977f64aa608324aaa85310e6d38a1c6cb9bd93442d6b4917a1,Cliente_102,RECORRENTE,45,ALTA,ATACADO
0177cbe93a2493f0d2829fcd8381276174abace3a0bf8ba6d66d2b9c49c269dd,Cliente_069,RECORRENTE,53,MÉDIA,ATACADO
7f1f8f768af81793cb0bc02b418cf260e4ef300a9d1c70b8a33dd1ded9681401,Cliente_132,RECORRENTE,51,MÉDIA,ATACADO
cfd9be761611c8ba7662d18d2c54e6da7a8d71dff10a465036026b763dedec0c,Cliente_091,NOVO,4,ALTA,ATACADO
d92eb41045b0fa003b1cd6f53dacd2be88f69d84180a6c7f492aa8e021b23ffa,Cliente_031,RECORRENTE,34,BAIXA,ATACADO
a33301245a7c14a765a519b031dbfd440a9d2e4def97a74231c56fb284bd9b6a,Cliente_036,RECORRENTE,9,MÉDIA,VAREJO
71e15f4e371421b07e1d066bd6af87f7bc0fff240dfad90873218ff28b010c06,Cliente_063,NOVO,4,MÉDIA,ATACADO
1614de2c93c2ee079bae4a2dad2a0717cb97b85a9b66ea1beaea19f96a6102d9,Cliente_179,NOVO,0,BAIXA,VAREJO
60f3e373b0edd25d925cfe0da1b1d4de7873d84460ba9ae58ea97e4866e8398d,Cliente_107,RECORRENTE,23,MÉDIA,ATACADO
8e984b1951a616c1aadd9023e918b61fb66a4520f8ba6241359ca864971e6b4f,Cliente_081,NOVO,0,ALTA,VAREJO
8d387f358cdc0b04bd699e4ec56ca9ab308a57ba42075f0bad5ed6b8c3dfcfd1,Cliente_139,NOVO,0,MÉDIA,ATACADO
d0494daaf44225caa7927065d4fb368cd0223b9d28bc5a40b2285178d096cc40,Cliente_189,NOVO,1,MÉDIA,ATACADO
70d5cf6765c168f13995b6f4da939dc35c3cb42a1eade1485e6f2a57295bb329,Cliente_144,RECORRENTE,39,BAIXA,VAREJO
c6217623c2adc2a789b335cb2a4ef8c8d5ea4042cff40bb1e3aecf08cf7313f5,Cliente_141,RECORRENTE,57,BAIXA,ATACADO
55f30e7b78e1eb97c0e03234404ed5cd6344aeed2d5ea9be3136bc4ad323a128,Cliente_054,NOVO,1,BAIXA,VAREJO
6946f211fcf205f878913020cb37a66f96c05ee4745ea8c2ef686593ef0a4935,Cliente_147,RECORRENTE,18,BAIXA,ATACADO
1ac080949f9dd02ad2136f5839426fc4a804e6c445f7ee45679ae9a7ba14bb80,Cliente_176,NOVO,2,ALTA,VAREJO
fe2a53dab6a42117c644196ec8574a5d7e1280348f3e1479b298042424347f4c,Cliente_093,RECORRENTE,6,MÉDIA,VAREJO
ded4df678ee6f66883ece66600cc753964877db074805c044c55f8b212f84ac5,Cliente_188,NOVO,3,MÉDIA,VAREJO
815257b5c066cc3c9219aa1d9bc057c5c875e5c66c47fa46f1720788f7ba4741,Cliente_080,NOVO,4,MÉDIA,ATACADO
afa9062b1934ab4e92e61e4ec7d3f54e47155e2377bb0ec8be50e5675fd11657,Cliente_196,NOVO,1,BAIXA,VAREJO
20e7e17ed1d2785dfbb14a868508d97cdca4f1b00ebd94f81d426adadf95ea0a,Cliente_096,RECORRENTE,33,BAIXA,ATACADO
48873e77a19e2fc4e0c281f07040e03006280b44a9a7a867807fb654fda0d739,Cliente_179,NOVO,2,MÉDIA,ATACADO
e9b5c472c50ab099c542e639de3f5de4a886ba82b53dbf3a36b866276e98d747,Cliente_186,NOVO,0,BAIXA,ATACADO
f89d5868d47275c48c721ed0fb9e7b8e97673aab83d195fb1fe3c48dda2b8096,Cliente_143,RECORRENTE,49,ALTA,ATACADO
2acb838a50bc88ffd3cd6fa3820f99e998a01fb662696b5e10c9db63f8d6e646,Cliente_011,RECORRENTE,40,BAIXA,ATACADO
9fd91a16133241dbc6471c66f0eeadfd7a943dd9c8a1d146bf4019c9a2cfa4ef,Cliente_008,RECORRENTE,24,ALTA,ATACADO
84d5bd0a6638865ece69e6c3e2a29bdcbcb0335627a879039a7a72a54e7846c8,Cliente_130,NOVO,2,MÉDIA,ATACADO
b6dc585f1b0aafc3d575c97715b516536938d4148cc70d957bb6f6868c260b1f,Cliente_049,RECORRENTE,24,BAIXA,ATACADO
a2d477c04ca285bb59ce8a740b585ce459c9214d6cf1d143bb551a63475e7ab3,Cliente_096,NOVO,2,BAIXA,ATACADO
2cd5eb3db43b522185b0c91699f60e120370898b25ed6920ac4882f6cde32431,Cliente_122,RECORRENTE,56,MÉDIA,VAREJO
551a668fa212f6a993d9edbc893df7928d841c2d195d675949611491772e8b95,Cliente_081,NOVO,0,MÉDIA,VAREJO
ecf44fd5a21bfe5b1b50bed0287b542ad20ae4cd23b7952f2da39f6f0087d575,Cliente_128,NOVO,5,BAIXA,VAREJO
794e8c129fbbec9873957dedaaff2703323c8297b05d1c851581781420e1362b,Cliente_148,NOVO,2,MÉDIA,ATACADO
5e0273893032bea2787ffbd069bceabbab8068b6509f4bc1d4185487bbfc2144,Cliente_139,RECORRENTE,36,ALTA,VAREJO
00f76b0e09d20a15fdfa8ccb920f1273a687e64ef148d319bbff01704fbdb45c,Cliente_085,RECORRENTE,11,ALTA,VAREJO
3df68239a7ce8b3ded87e1486c4d7ce61e1bf2b4708a7737ddafab66f29f0044,Cliente_027,RECORRENTE,41,ALTA,ATACADO
c7f36642f9f18e62f7ac7a7a812239d1ddc3039ba1546ede69f8f35336bd1a87,Cliente_143,NOVO,1,MÉDIA,VAREJO
3ff31e45f699e5e795bc8b26450cd90d856d8de8fd250bb40e29859b4165a0f3,Cliente_156,RECORRENTE,9,BAIXA,VAREJO
9be37fb60790f4d972e93722e42e0ab6b37d974ad28a8a7bacab3dda85ebfb19,Cliente_036,NOVO,4,MÉDIA,ATACADO
7dfd20d551680dc3947e8089368ae5561fbe4e2aa61ca95c1eb8d566517277ef,Cliente_193,NOVO,0,ALTA,VAREJO
de024642472f734e0268adc626c11f59574f8aead7d0e27339937450747bce47,Cliente_052,NOVO,3,ALTA,ATACADO
91a0e50716d88c6233e32db1c02c0f57db6539f7b5ecf5abcabd3d2f9185ea60,Cliente_045,NOVO,2,BAIXA,ATACADO
c90e98d858f389b8b74eb0a77be010b719e5330c790914f99d962bcc6c12fa5f,Cliente_049,NOVO,0,MÉDIA,VAREJO
b7779ba093464c1fe3fd296b7389ebbaec758f1ce48bac302a59aeb0b99e5ded,Cliente_031,RECORRENTE,50,BAIXA,VAREJO
f3d1c5871cf31b2007893b10e5f7e1f2959d33357315e75e10f7e30d01c532a7,Cliente_028,RECORRENTE,57,MÉDIA,VAREJO
58ab7140bcced5a6c296ff83471426d55c39e013bab509dbfe5879529b8cf4e6,Cliente_126,NOVO,1,BAIXA,VAREJO
704d84314aea5477c8d196d37ad16443a8654f8555a7ad3327a8e541e1e9e4e4,Cliente_064,RECORRENTE,48,BAIXA,VAREJO
4e85b809ad800fb5e9dd0a17bbd70cfb66b9efb740a8b14420258fdf6e019d3c,Cliente_073,NOVO,5,MÉDIA,VAREJO
bc08cfe7141a936f949c4e3a7af3da43ccffad3b527093bd416e2edfa7e28da7,Cliente_060,RECORRENTE,25,ALTA,ATACADO
118955d447d4f3b3f8b08ee2675114281e6888cd04d73a7b785192ab892da64d,Cliente_037,RECORRENTE,49,BAIXA,ATACADO
afa4066ee6fec7a21675ab93fad07ddc9d7959318b4eee1e2ebfdbe1851b3710,Cliente_088,RECORRENTE,16,ALTA,ATACADO
0dfb20c23769d574e40de945557c76c742bfb81f73007ca1403b8a17a6a5763d,Cliente_086,RECORRENTE,16,ALTA,ATACADO
3e5f62d604eaf92d2316d98b6a7f84148e794115280e031249ec05b07ed31ef7,Cliente_047,NOVO,2,BAIXA,VAREJO
1546f0153f2c69e2cfd6c7d7210708b40950fee792dbedc9760d11d6d2d6e7ff,Cliente_032,NOVO,3,MÉDIA,VAREJO
1b3af6de6087df69f37a5603a753271dc34e63ab082b7bcf46aef2ab249ace18,Cliente_041,RECORRENTE,19,ALTA,ATACADO
46db97aca81cd9767422a36c59af492e344ad954b5a25fb3cdc6a35403a46df2,Cliente_045,NOVO,3,BAIXA,VAREJO
14c38dfe91e009983003260a82a746c444328cc665be6c5f528f12a82743b0c5,Cliente_149,NOVO,1,ALTA,ATACADO
8ef9e01f5d12fa130f77efa91d8113cd47d87e47ced670eb4b21e0e79c4a5eff,Cliente_155,RECORRENTE,24,BAIXA,ATACADO
b3c85b6300bf4e4a437f9f2a5a8fa67f5023bfa54feb3c62e07b6eaf6f53136a,Cliente_144,NOVO,1,ALTA,VAREJO
f23188f0de2daa4076b1fb02fce73e26cd3825099b9cec13efc094eba39855a6,Cliente_090,RECORRENTE,49,MÉDIA,VAREJO
ad821f8378e85981adb268e102c6eeed99eaeb3995e32d43ff9982449c6d03f8,Cliente_070,RECORRENTE,49,BAIXA,VAREJO
735a6f55a7554a0b3f484ef94b8bfbb25b8fd64b6acfa5f580de8ca837eb52d8,Cliente_179,NOVO,1,ALTA,ATACADO
760b3332bd8886e8b3b08d4f084416459e38bfa648b9843b1c8249f4e41bfe57,Cliente_136,RECORRENTE,41,MÉDIA,VAREJO
1496ae28b10e7d925cc95ef3871b8ba591511ff95fc88e1d99c089aefb8bb1a6,Cliente_035,RECORRENTE,7,ALTA,ATACADO
4ce4d408596bcfab023c663cf8de4b2c59eb97683eb88ec119bc990bbb02af33,Cliente_023,NOVO,4,MÉDIA,ATACADO
709787e0f7d29957532dc43c4edcb77c0f0bc86f570c52745994c269a477dece,Cliente_140,RECORRENTE,51,BAIXA,ATACADO
1ad7727f5764df840c6aa2e287962ebae04da513be587a734746db03cc946205,Cliente_060,RECORRENTE,21,BAIXA,ATACADO
b5d9c9963c4f165db7965e8c70e1ded8242d19fd9827d7c84c52c781165a29a8,Cliente_062,RECORRENTE,26,MÉDIA,ATACADO
2d75ca0e8bd7dacfdcc120f0ea74362bdce994d621acb6b0c21f29dd33e44958,Cliente_111,NOVO,5,BAIXA,VAREJO
fd25c2f7d40cf4d258af304a56e8fcda3e6d5a89496607bf2284a06d3a2f490b,Cliente_146,RECORRENTE,7,MÉDIA,VAREJO
aefb082c5cb19de37e92d298b85a331ed65f61a14511b8eaf0955b2a394cf5b6,Cliente_117,NOVO,2,ALTA,VAREJO
22481b5ea5776efbafc396486659a6cbebca97c9e7d22665ae5e801d90c285ab,Cliente_188,RECORRENTE,21,ALTA,VAREJO
480c902a91a9de1e8566d8ac558133994b693fe146896864538d3457087950e9,Cliente_105,NOVO,0,BAIXA,ATACADO
95ca96380d7c5e825399a14c9d7bcad0ded7eaa74406d43c0925ba215263c582,Cliente_150,NOVO,2,BAIXA,ATACADO
be6b2828948b1dd162651c3ed2a963a346eef5c2d75d6bf1c89ca80281b1ecfc,Cliente_110,NOVO,1,BAIXA,VAREJO
f11d9b7b6171a15b9f5409cf5f2bb411e66bc6ddbda0d19f3b9ddbaa38c1cce5,Cliente_075,NOVO,2,BAIXA,ATACADO
f539fde24a9f7db38b3023fe0a8f7675d4467f9d9d5a92ca86017d5203c4709d,Cliente_197,NOVO,4,MÉDIA,VAREJO
96b81cc8f720bfae714d50f84d93f1dcdb67516d4b2b759e6034d186fc81f78c,Cliente_106,NOVO,5,MÉDIA,ATACADO
13f079eaac1be997c43be4f261dc3ef7d6ee4458c4907ed01c35e5db56051b2c,Cliente_110,RECORRENTE,19,BAIXA,ATACADO
1b06ec85a11bbc6da7d1f532ab1066d2d8e966bdecb3cfaeb1f4d4b64c41c200,Cliente_043,NOVO,4,BAIXA,ATACADO
2c631f438a87f7fba4ad1b6902613c888391ef36209b7223b2b3f5f18b220b9e,Cliente_057,NOVO,4,BAIXA,VAREJO
4fe658e336359319912c71b1bab24ef710f8e64cadd6bd393fa8b283c1600226,Cliente_060,RECORRENTE,42,BAIXA,ATACADO
8ac138cf6c5aec11b68691034a6ad72867a811f9a968e7eba4cdba9e477fa6c6,Cliente_057,NOVO,5,MÉDIA,VAREJO
9aa4419b9ea7f8f6340c647553e3292e0d78a4222f1878bbcc7f30cff5377597,Cliente_176,NOVO,0,ALTA,VAREJO
79262c2c8fc16c4b59ab91d60f09545523d8d1928810ac8e1140a62920bdb1d5,Cliente_052,RECORRENTE,56,BAIXA,ATACADO
ad81b02887ef8f5398f490829b72d714a12f85a26eb436f5ec4215612243591c,Cliente_068,RECORRENTE,50,ALTA,ATACADO
a79c4d9d62cfb2b95f81febd297163626c09d8dc9d808ca507abe5ee598ef1bc,Cliente_079,NOVO,0,ALTA,ATACADO
c4befb34976d7b6cae77ffa61f31bc8d4a645249d0a17b29668d39f9d07ba4bf,Cliente_024,RECORRENTE,7,ALTA,ATACADO
b5582c23642c74f842e03ddee722df8ecb9172123e77234a9593f0dd7ab7303f,Cliente_164,NOVO,4,MÉDIA,ATACADO
1bb23470320417b4ea856e20492333655d92e772fedda346448ae99661a712ca,Cliente_021,RECORRENTE,39,MÉDIA,ATACADO
658ff796955751dbcf1492973526acdcfc913a42ce46015973dc1a8392926ba7,Cliente_156,RECORRENTE,28,MÉDIA,ATACADO
feb4a754f72aa028c75491235eccaec4a20c107296c9fa7b5abd16a328b73785,Cliente_040,NOVO,5,BAIXA,ATACADO
0dc9993ed3f97d814ce85b7c7764bee3b75a117f8246ab988f736970cf7d4159,Cliente_012,RECORRENTE,9,ALTA,ATACADO
7eb03cb6515b40663171187cf1d26c91f612c23b84198602f38efde64415a10d,Cliente_127,NOVO,0,BAIXA,VAREJO
5f3b21e951fb4dd18bcf2d32c992ded085818b27c9f1aa230d5f0e2fba6edbd3,Cliente_151,NOVO,4,MÉDIA,ATACADO
fb20d01fa0ce0eed956ac436d25736ba9e6a54f2640e2aa48400b7df8912ead7,Cliente_069,NOVO,5,ALTA,ATACADO
def874ef1f370602c50c92f2ba7b8f7399b84198c2c9ab556ab985a6d857ee95,Cliente_119,NOVO,3,BAIXA,VAREJO
15044cfea36218dd3052d60faa2a5835d7c1e52ecca92db3bb4fd950b08ec8cf,Cliente_193,NOVO,3,MÉDIA,VAREJO
71ccf4ef0880088070a131186538c8cc1c3f2c8902fd0495caa17d384abeb8ea,Cliente_114,RECORRENTE,30,BAIXA,VAREJO
91e0296af0bde0e7a54556260c6b876f54a8baef2d3322b3ff6ca6815e366ccc,Cliente_137,NOVO,3,BAIXA,VAREJO
d1e965195d52821674242b560418cd5062a8381b3c5d23f3b65092ca098faf70,Cliente_067,NOVO,0,BAIXA,VAREJO
d7bef70ba8cd22f82066ca51610e1f7b288f732ebbbe2c90c3dcd11244d040a5,Cliente_009,NOVO,4,BAIXA,VAREJO
ccda148289010a49bad2517444a4347f2eb1f9c573117e2f576a1344894965a5,Cliente_004,RECORRENTE,50,BAIXA,ATACADO
3a10cf590124bad27ade57843f65f0a218d7d42afa0fbe42c1bebdddb7b8d253,Cliente_162,NOVO,2,MÉDIA,ATACADO
b91d86c4861c914260560132e74896b52a1fa58958e9832a08c39e29f964398a,Cliente_016,NOVO,1,BAIXA,ATACADO
143a83e02c15e6e63f206144452673e977951814f80b4ece394b541d204ded44,Cliente_160,RECORRENTE,37,MÉDIA,VAREJO
cdb525c440f526ae9c43b0a685d25f52a1fbb2386f7c9e38f467ba773e6e89d9,Cliente_119,RECORRENTE,31,MÉDIA,ATACADO
ab992cda41675e3bee98ae604a1e459e234dc1b9aff15765dce5b6987dcb252f,Cliente_120,RECORRENTE,54,BAIXA,ATACADO
b2d1626b29757221afe907edb3016442e0a659ef79bf99b7d64da0080dd018c3,Cliente_188,RECORRENTE,11,ALTA,VAREJO
694452c9e6b1f0d0c754fa2c4ae05b2a47da893350484709d4b0fc00c7450efe,Cliente_190,NOVO,0,MÉDIA,VAREJO
8270b71c85fe34e610448b406010e1b93daa90e8e097fcb3e3c49db9011b6f7b,Cliente_140,RECORRENTE,24,BAIXA,ATACADO
38d028ea9df231cc28313378744894048fdd8f8042ed2038815c72e21489668e,Cliente_002,NOVO,5,BAIXA,ATACADO
4eb843500d83d3276aedeb3dc2d57511aa354125d267f9e4b8fa9b2ff1a93884,Cliente_195,NOVO,5,MÉDIA,ATACADO
075f2901ccccba6351f022ac6e99d108f3b6306831513428a5eda158c1797880,Cliente_051,RECORRENTE,56,BAIXA,VAREJO
4ae9ca359820abf1ea08ba5630905062389ecc9075976ae5e8b8fd89f0956308,Cliente_121,NOVO,2,BAIXA,ATACADO
312f0360dc4abb27fb5c1b8342f23dba7b2894d3447beeb33f01fe00e89ea268,Cliente_191,NOVO,4,MÉDIA,ATACADO
c61d7ee0122073aa8da24d0be2cd86fb39a51678390bcc859c68da86abb46216,Cliente_084,RECORRENTE,11,BAIXA,ATACADO
814a06f78901ee1be6584cd16a81e6179b7c22b1501a413f51a45c31aa16f6b1,Cliente_057,NOVO,3,BAIXA,VAREJO
05bb0563ba85e81cc35e32268b4145e543e153b9a620a5cc3f529527c92f7613,Cliente_170,NOVO,0,ALTA,VAREJO
6d03b23f687e639c6ab2826810560ca0e635ab2964271fba3ffefe6a2f074b3b,Cliente_190,RECORRENTE,40,ALTA,VAREJO
07f418a3ee289215b0fee238b91a2ceef786672c13b656397f5fabf3bb8e837d,Cliente_016,NOVO,2,BAIXA,VAREJO
38f654d1b3141dfe016b0b4e10d8ed392850463e1561a8e08a3f079fd37497b1,Cliente_018,NOVO,1,ALTA,ATACADO
01bd6f7b326f25c7effac66aa3a25823a1ce6707042364e776f3168d88aa8eab,Cliente_118,NOVO,0,MÉDIA,VAREJO
922bc0ac63a6067b620f2c44297bfeed1b2359c2b083ce24fd17e2d599ec6954,Cliente_141,RECORRENTE,12,ALTA,VAREJO
50cc876569cc88ee8f98d224346886e34ba45e39f7570ec07037b31d011d9c10,Cliente_181,NOVO,1,MÉDIA,VAREJO
0f1d9f3b33e495238217df9fa35b35b11cdb73dc5cc4248ee075e8f55c2dd337,Cliente_175,RECORRENTE,55,MÉDIA,ATACADO
8a11f9ee224b459523b63007aa72f57400bcf5c2a59f8cad675e5aa5582c1b32,Cliente_170,RECORRENTE,28,MÉDIA,VAREJO
1587ee9d5f5a8470f77a63c5e6e2400347351071a1c8c46dd6ce158fc30de789,Cliente_046,RECORRENTE,22,MÉDIA,VAREJO
6a653d9a64d3b94a86f6bc30da6237fa768e5c0c4fd205261dc8a95f7a361bde,Cliente_081,NOVO,0,BAIXA,ATACADO
6f1cf0a988e219c931bd8b5c411c0a706ed49577163e0b9cbf95da8a94668e6a,Cliente_197,RECORRENTE,27,ALTA,ATACADO
738abb91dd0820a6b58610a40328f196eea3cd0597af9289d30c1491b714e771,Cliente_160,RECORRENTE,8,MÉDIA,VAREJO
c9a2c552096865052a337c648b2d6ab5855a2f4afde4637bc98a679d82dc8e08,Cliente_128,RECORRENTE,20,MÉDIA,VAREJO
9cc9694820c89cd7abe9c9b6882eaaa7d92a3aaf7c5ee38bc65c596bcd38049b,Cliente_161,NOVO,5,ALTA,VAREJO
82c3524d859f563ec8d6a21d5d838dba910df3a7084a1d6a409e183e69cc5386,Cliente_050,NOVO,4,ALTA,ATACADO
4ad0d4141aa3d9b0b533b8cdbce364a9702b391bf965a2d39752cb93913a6d3b,Cliente_040,RECORRENTE,18,MÉDIA,ATACADO
a54e2de81ddccdbeb807909008bb6227349b9e525209dcc33ec262339c82e61a,Cliente_023,RECORRENTE,27,MÉDIA,ATACADO
b02a7e593b3f59dca1e611aa9729418e69d19d543fe674d9f2918e8817cfeb84,Cliente_058,RECORRENTE,7,MÉDIA,VAREJO
f53c7ae116f641b813077f0a66513f54f32f3c2eafe3b61972e49d99a3c42f25,Cliente_107,NOVO,4,ALTA,VAREJO
edbb622e783216f5689225eab197ffba8a24c89864fc4b7c3040fc2321a76794,Cliente_141,NOVO,4,ALTA,VAREJO
8d6cde92c75869e55b021937633c3a3f1f18f6ea26db26a58968c42412d5e82a,Cliente_013,NOVO,3,BAIXA,ATACADO
8705d1b67f674baf1cf530071dfa2ff9d8aed0ee33693d0f59350be45dcc03b0,Cliente_060,RECORRENTE,20,BAIXA,VAREJO
6b47914c3f27d13b82a967260679e2243f82520ea0ba927ea0a74d1a174efc94,Cliente_122,NOVO,2,BAIXA,VAREJO
6e7bb13162d97cd484ce2471b0b0bc65b756704eeef6131f9643a00816457f80,Cliente_131,RECORRENTE,9,ALTA,VAREJO
5f0686ff25e83969892ea3dd97e456365b68f7f2635f21f0485397b8c3bd98d6,Cliente_018,RECORRENTE,18,MÉDIA,VAREJO
bc292dc7a693846df6afd905d3e6dcd77845ef184a9bbe46083f47ae6087239a,Cliente_129,RECORRENTE,56,MÉDIA,ATACADO
7c89e6227ca1fe0b08bac507846bab7d5686d9b17b129deeb9882bdb2b9dbb44,Cliente_091,NOVO,4,MÉDIA,VAREJO
b51811ef1fdf60b5bfe8e48da088bc3664c689a84e4141f7634ae473adffc094,Cliente_005,RECORRENTE,33,MÉDIA,VAREJO
783ebeadacdac8b9bb11ed0b0d56d525edb4f5e8c82baa7480c7cecd5cd79798,Cliente_125,RECORRENTE,24,BAIXA,VAREJO
9c94cbe4d3e36b8128334bfc44348f47105ddd91c22a5575c772442682ba02bb,Cliente_160,NOVO,0,BAIXA,VAREJO
4805312b57ebaf5633620bf2856f7cb2375c4393f792d96609056bf7128e18dd,Cliente_160,NOVO,5,BAIXA,VAREJO
cc015d4b2f0174ea0d99850b031b74c927dcae4954335fe508a987ca8598ce30,Cliente_118,NOVO,4,ALTA,ATACADO
cdae85f260a4e3a93a32817a970424119f2191b769fe0c8102f8147c19f1762a,Cliente_042,NOVO,5,MÉDIA,VAREJO
87514469e33930dc57630b1058daf536fc51ee92a82ecb01909315b3442d8259,Cliente_176,RECORRENTE,11,BAIXA,VAREJO
6f8591f185f6f993a6e85a8c539824d776119b9c2bd11bcdf455428155dc51ac,Cliente_024,RECORRENTE,20,BAIXA,ATACADO
6651b14cf81f8f8929945440a306efc8e530abf3eadc168f66246a688de832a5,Cliente_158,NOVO,5,MÉDIA,VAREJO
2317f06ea38d4a1478c0805b5b32c520545b0402260d5dc3812a414ee1ddd91a,Cliente_118,RECORRENTE,46,ALTA,ATACADO
d51738a80a151ec51e9a3976c18e283750296330edb14e016b8a766ba6526fc9,Cliente_168,RECORRENTE,19,MÉDIA,VAREJO
6208e896a75ff625e8a4e4e9dae812426c6287bc6a439f53d99055752f010054,Cliente_163,NOVO,5,ALTA,VAREJO
30d08352ac5f089da96772497ca8d823dd6d23d5c795ea2f9cc7ccd036b92e41,Cliente_023,RECORRENTE,23,ALTA,ATACADO
8b5c5709759129b63b83d0380199f394bfad9b935e89eec2b8f6b57bf7d6a855,Cliente_071,NOVO,3,MÉDIA,ATACADO
7ce30bf6735efb01a5b62f95e27d466dd74f0c6af1b2b11f33c960724fdb4726,Cliente_048,NOVO,5,BAIXA,ATACADO
a2306a6b0f09f2587d400bf2bdb374a35516a60a59e99b5803d226faa9f27689,Cliente_093,NOVO,4,ALTA,VAREJO
67a790bdb20661c7f0645d60d4ef408e9cc61dbd8497fef445c5bd169dae0b75,Cliente_017,RECORRENTE,31,MÉDIA,ATACADO
c9d9cc0930b7d092276444da5e6622bf648748699b249edffa49b78cb0cc6635,Cliente_189,RECORRENTE,26,BAIXA,VAREJO
d9e2191057c737c3925628201e49c58b503c53574dae87027b6cd95eecc1de0a,Cliente_163,RECORRENTE,48,MÉDIA,VAREJO
7a079396256617ea9f60fe66e5e28dc71b6ff0ad4465d1f07769b74a70a7bf04,Cliente_087,NOVO,2,MÉDIA,ATACADO
573be11248a1cd7d12b4db5bc67d71564b5aa7d44d16632b2d12a6b2d8ad6033,Cliente_181,NOVO,2,BAIXA,VAREJO
a41d76fd27df7b2603bea33b3fa414806095494ab37ddd72d1c2884beea353cf,Cliente_024,RECORRENTE,42,ALTA,ATACADO
671028d833ff0ae6f05af1a52ccfc74a2629e05a743ac77c378372780f2e7393,Cliente_053,RECORRENTE,45,MÉDIA,VAREJO
ac40066518b83e01d839f6937fe9e4455e8aaaebbc6729247030d4668ab5e02c,Cliente_052,NOVO,0,BAIXA,VAREJO
64dae7452e62d1369167dcba483b636a8bb3d4d1d6ecd58f552d71a6cda40967,Cliente_092,NOVO,1,MÉDIA,ATACADO
f8b7d07c9c0384ee61690dca0e11ca5cc0b57d7f40916911660155e8c18cb43a,Cliente_144,RECORRENTE,47,ALTA,VAREJO
dfbff8f6af43717a322551a981a8c943f094eb093eb61f5114bce5530f69aea5,Cliente_182,RECORRENTE,42,MÉDIA,ATACADO
226274ac134d638328a682ba275858464c30efa26e48ddde4c16623670a2185f,Cliente_087,RECORRENTE,44,MÉDIA,ATACADO
96d92d4b5623a93f917c93f1930a36ddae3756866adc83d67b0bd0781c5ec2d3,Cliente_127,NOVO,4,ALTA,ATACADO
4e35cd0e4b84a5f24acc279395f4674c7d425a875c2e0085153fc30fe69b2976,Cliente_187,NOVO,5,MÉDIA,VAREJO
b4ee213a977a4d3ec4e11208e55cb5fb35c0e2a891d419cdb7ec1f3dda9cad6f,Cliente_035,NOVO,0,ALTA,ATACADO
fb352a0cc75f45941a0dc299bcdd0154c3942958ee177aa6d4743aa374d673d1,Cliente_173,RECORRENTE,38,BAIXA,ATACADO
c363e8fce85bf4df117c108c10b038881af43428f55776767938c5f6b761012f,Cliente_160,NOVO,1,BAIXA,VAREJO
6f39461fb71187077df6695833ac0e5e08c17867237900e38ff6a86280bf2a55,Cliente_024,NOVO,4,ALTA,ATACADO
df94dd04868f384d60823804bb2eb3fd34b81a4bee65a7734141cd777c1c9809,Cliente_014,NOVO,5,ALTA,VAREJO
72a6b261d2e582d99253eafd59d3a7a3b1328b1e7a72f5a386e7e8c96c167f78,Cliente_034,NOVO,5,ALTA,ATACADO
30aa172f38e12b47fdb0d5c49fd2874b4bef815e8a0938ac1b5017c6a074dd73,Cliente_127,RECORRENTE,53,MÉDIA,ATACADO
f68d5637cfd5232a9a518371a33e2f90fda92146e103450344194f5e26da7521,Cliente_057,RECORRENTE,37,BAIXA,VAREJO
ec6df383136883c0261ec0e17e4ba329ef18f56d93811e05b674dd9c1b59c43f,Cliente_134,NOVO,1,BAIXA,VAREJO
282fe561a86c41893273b5a860cd1d8a30e718f6524fe0b36182b0bce003b086,Cliente_103,RECORRENTE,42,MÉDIA,VAREJO
cfbab7f3b6c414375f7274ba86ce72dcc38be7c32faa711d7ef8bbe7309cb4b8,Cliente_101,RECORRENTE,37,BAIXA,ATACADO
056b47554c57dc54503c1791e4f11d0eac966b5cd7dd32169c4e172570f2b4e6,Cliente_009,NOVO,1,ALTA,VAREJO
dc97c676cb6a298170902c7913efb978a4e0cbc088c5c49db064e58356ba68b5,Cliente_046,RECORRENTE,28,BAIXA,VAREJO
71f0f31dc4f704233eb345bbdfa484ea1fc7c11c28deeeff04c0b5bde47fe63c,Cliente_001,RECORRENTE,32,MÉDIA,ATACADO
094168e380cf2e3ac251150bb79007d1bc5870d57d4500f59e3c97c7cc22bdb9,Cliente_173,RECORRENTE,38,MÉDIA,ATACADO
eeb636e20a58f8e26ac4e27c79f5fd5273de507d42b81fa3d4bd5cd1d6449b26,Cliente_095,NOVO,1,BAIXA,VAREJO
ae8f497e2b1b73e881c4d99e02ab79ae2eaba2d8bbb618a44becddd70f6736a7,Cliente_027,RECORRENTE,41,MÉDIA,VAREJO
82b24631a4c748df055d3699831956e30903bda288cad7e54b843ed796b04c63,Cliente_019,RECORRENTE,9,MÉDIA,VAREJO
f94e219548218bea8db79a19f7b7d6c808d325c0717c7d2aeaa2d5ea56e26206,Cliente_155,RECORRENTE,59,MÉDIA,VAREJO
e6caebbf799637c6af163cc8e591d5fadb716842a59967ca2460f28c19096065,Cliente_005,NOVO,5,BAIXA,VAREJO
0d322aa4d4ce88febc1375128db2513114f6445e81a8de3e82e1d197676bceb0,Cliente_144,RECORRENTE,31,MÉDIA,ATACADO
2f9556d073c5c446acbffe4a5482845a8d861e4e44595254385a0157247a4523,Cliente_139,NOVO,1,MÉDIA,ATACADO
70d2f63b626bb70539a1b65e786b4014fdefbf18f6d5c79ec655f9d8a0e888d5,Cliente_005,RECORRENTE,46,MÉDIA,ATACADO
e0f20318cb177568c919b70b87e9866598d386834c71e7989ffa8c3bb59a28f5,Cliente_200,NOVO,2,ALTA,VAREJO
4c042f7c1a93a517babd5319f02ac8674fc07338960a4ead9e2977c37e481b6a,Cliente_025,NOVO,2,ALTA,VAREJO
cf58def649908c95060c3d73b151642b5ac2ab59fe3a6dfc45bc7530785f4492,Cliente_092,NOVO,4,BAIXA,ATACADO
1a25f6dad86f342904a01b064f5ac9421ef26ffb478c117084256c36772690ef,Cliente_028,RECORRENTE,47,BAIXA,ATACADO
35039a6a153f7d7f84728779cc83e7cd7614477982fbb07fdab49afb6ab4cc67,Cliente_043,NOVO,3,ALTA,VAREJO
f366a805ba589da6fdc63f8b199a75b7bcff76c5f564aa7d5455591dff332298,Cliente_138,NOVO,0,ALTA,ATACADO
69f15dddaa2ca44c873519d675d2865fb30b2672730344f7ac640fe9fe1db9cd,Cliente_135,NOVO,2,ALTA,ATACADO
e5e200a61b5387cf4eab7b8c7f84631a215f00c5876ac6396236dfdc9904207d,Cliente_133,NOVO,5,ALTA,VAREJO
d52a660a46f6de954560d96a04d15bcc4269c072c51a64c15a0bfdba92dd3c4b,Cliente_011,RECORRENTE,15,ALTA,VAREJO
448c97b65600f00db0580365ad18220657b0a5d8ccbfe91eb81f8c93f08b4fda,Cliente_158,NOVO,3,ALTA,VAREJO
1863b9b8ef16fd32bac0ecdf33d9a60d441a32fba134f5c8505fbdb2b77b500a,Cliente_020,NOVO,4,ALTA,ATACADO
734e4a417fa26edf6dac0b062451da0360f09d46c1934efa8b44a192d9bc0d43,Cliente_010,RECORRENTE,38,BAIXA,VAREJO
701deec0e1468d4690cbf82de023b0067eac74003ddfaa9cebb662a2d058fc3b,Cliente_123,NOVO,4,ALTA,ATACADO
998466f79dc3096e15cacaa5e486a76893467881662cae15df0b249a2a554b9a,Cliente_108,NOVO,5,MÉDIA,VAREJO
8832bce7f42991b529cc21e55a4c30a766ee977ddcf224a4a645e83c2d98cf15,Cliente_150,RECORRENTE,17,MÉDIA,ATACADO
03eb39e8b3b468db731d4e744304d2131155632086725bda80feabf6dc7a1f73,Cliente_027,NOVO,2,BAIXA,VAREJO
e6899d6e3138533bad4fe05b800db0bf012f8d28431e657d77e144820b4ee238,Cliente_133,RECORRENTE,21,ALTA,ATACADO
05b788285a856dd46e71355dc07189f2c83cc278890f85dc1e0df162f15ab5af,Cliente_169,RECORRENTE,6,BAIXA,ATACADO
09b80b09a4590eda4f0c9d9bb1f8a8a6c89fc5a94f2e731fdb40c2d499d6225c,Cliente_066,RECORRENTE,18,BAIXA,VAREJO
c54d18dfbd141fb67ed84c47a5fe1250e70265659c66affcb0d036934d0caf1a,Cliente_001,NOVO,1,BAIXA,VAREJO
f1099b887b37f59663c72315e17b50bcbff19913b94843d069119179c4dc0236,Cliente_094,NOVO,2,MÉDIA,ATACADO
ddb38fe77b805793d1ff19e314ab695f0c6e6b2514fb481a7dfa684fa8c0a3d1,Cliente_141,RECORRENTE,17,ALTA,VAREJO
3f4e41d3e75843ad0eb33eda4741b84399f836639866c143661282090d2e7df9,Cliente_158,NOVO,0,BAIXA,VAREJO
b4c4ccc19dd18de9e247e77a6dae2cdc32de433419b33fd4b02d9f79313e42d4,Cliente_194,RECORRENTE,34,ALTA,ATACADO
53973d8709d7994ae342ea50bd83c05b5e22a184842b873b3b52a036e76cb493,Cliente_001,NOVO,2,MÉDIA,VAREJO
9b9afdc68d9955ef167e90e1a1876f23c10ef0bf17ad504a084fadfa8857fdc8,Cliente_127,NOVO,0,MÉDIA,VAREJO
807d379b0654d76109434f492ebc3eba7e167b95af2370067a53f0a165cbe810,Cliente_142,NOVO,1,ALTA,VAREJO
6e430da87bf72d0bd9b722e52c70e65691dbd5b7fd0eb9e90d0f7a830cd14c4b,Cliente_168,RECORRENTE,39,BAIXA,VAREJO
ef3102f020497e3cde273e05d6d3583800e2444cb71d225eeffcd8a5d76d7929,Cliente_087,RECORRENTE,25,BAIXA,VAREJO
9898079f182b4d7d84d4201aa15975012d4524fb98980ac3a3f7b700cf276fcb,Cliente_008,NOVO,3,ALTA,VAREJO
88db2f71ab5442a167560fc4f4f68305eb48d99c699daaa3d81c36bb83383651,Cliente_138,NOVO,4,ALTA,VAREJO
dafd486668df0ede3c7583f115501e06ce2cb9b83f409c3e1bfed21a98be45c3,Cliente_199,RECORRENTE,50,BAIXA,ATACADO
7f4cac0bf57fb75f025d5818aee8f071d1f2139132183860aab410078deaef55,Cliente_141,RECORRENTE,41,BAIXA,ATACADO
c69271f3fce9dfcd8bafabd6a70d7c47389323aeda3ccca4a70b84a31eeccb55,Cliente_003,NOVO,2,MÉDIA,VAREJO
7aa5641e70599e40c668d8e88c64fc10a61ad034d62b2e55ea2d3f0d8b2a01cd,Cliente_036,NOVO,5,BAIXA,VAREJO
55144d20eb556354424e6656816959428ef961f39d2b1823aba6109eecb187c3,Cliente_141,NOVO,5,ALTA,VAREJO
ffafbc02aa48885c0583dbcfc8c4c3fbcec75289a3e0ed95e26f3b43d760fa9e,Cliente_136,NOVO,5,MÉDIA,VAREJO
63a5cf67c714c963057479ab82032184ca749a72b4b690aba644dac5a9c0ca75,Cliente_011,RECORRENTE,8,ALTA,ATACADO
22315dc491524d04af98d2106072390965e149fbf46af5c59b3d1d77d45e6094,Cliente_014,NOVO,2,BAIXA,VAREJO
abd5a729fdcf7a518b16530ca8f700b308af8e79de8576e4ee3d361feb2810bd,Cliente_178,RECORRENTE,36,MÉDIA,VAREJO
1fa2cddd0bc83e00b69b0e0f26097604dc8428836b0bded3542b8d3f7e110fd7,Cliente_091,RECORRENTE,8,BAIXA,ATACADO
83287d6c08cf796321965a257eb9f168ce907f557e7a942e32d93f45270afed0,Cliente_147,NOVO,4,BAIXA,VAREJO
f8936605bcdd32f76734a522cc801290b274bdb3eab7d9ff95445c16a899f811,Cliente_164,NOVO,1,ALTA,ATACADO
efaaafcf7b633009bfdbbe909419ffdb81be8d6102404d1016e54c0b0982ccbd,Cliente_090,NOVO,3,BAIXA,ATACADO
db99111e751c27f267d0ed6c1e2e807b698103348863294790ee79a50f9d7542,Cliente_120,RECORRENTE,49,MÉDIA,ATACADO
dd725d547d134132e727ee51cd3b28b56a4b5c31369fe8357f7866c61ea876ca,Cliente_019,NOVO,5,MÉDIA,ATACADO
53c06fa7033e7a2efdc4beb23240411b956d1a1a0ed2ab178510ce044dea1ef6,Cliente_193,RECORRENTE,9,BAIXA,ATACADO
9c1153de62ad52917843f54cafbf29a0bfc6e55ba51a465217fd1364f7b76860,Cliente_050,NOVO,5,ALTA,ATACADO
eda17a19b5e1c7fcbcbcf26a178294e76ad37a50cf15a2c85eb2a97a072a11de,Cliente_139,NOVO,3,BAIXA,ATACADO
965b6a4659071aa15ee6d0f86980bbf2d20939db0939e763a21935112aaf6c8c,Cliente_108,RECORRENTE,38,BAIXA,VAREJO
c16a6ff1ebbba04d77c7c8da2af93cbd19affd77a2b993b61bf42ee030432aad,Cliente_168,NOVO,5,BAIXA,VAREJO
e36097381fc4ed0203d8172d15365fdb9088117e1a49290aca8ec8f50fac9813,Cliente_095,NOVO,2,MÉDIA,ATACADO
15ae840e11634e81cc633a4c67a61b45e9d8fd4b22efede8cbc68e908c2d57b6,Cliente_076,NOVO,2,ALTA,ATACADO
5efd58b0c7b8b50d7f47d84d276df07d2b9d9ae773747af35447cdcb5204dc0f,Cliente_170,NOVO,2,BAIXA,VAREJO
431bf16c1ad32bdf2b4ce68f1fe5b44575aac40dace910b75a8ae3b3054b0892,Cliente_077,RECORRENTE,12,BAIXA,ATACADO
c89676eb4eb21b639506438ed4c85c297ac0ddfc2abbd81c3de5ae04acd3e175,Cliente_151,RECORRENTE,53,MÉDIA,VAREJO
a024aae0b3762fc02d2eaf1ccc946e3334380c54b9be120e1c3136f45b26a1f3,Cliente_080,RECORRENTE,52,MÉDIA,ATACADO
393b77dc9b976f02aa2b371957bee3f8c26d42e98ae4153968e81f483fe6f03c,Cliente_074,NOVO,1,ALTA,VAREJO
6bf331880ad97c671f4ee8a77bec381e31e398dbb5478b1a2b5c7deb4d9be2d3,Cliente_140,RECORRENTE,45,MÉDIA,VAREJO
bba859b8c2b86d5aad1f3341dd468eafd238fce03e6965e785e6040a35890e3c,Cliente_115,RECORRENTE,25,MÉDIA,VAREJO
7f63e90bf6dc4a51668260128edb2765b9884c5016bc40a3050e1c9ccdaad4ed,Cliente_121,RECORRENTE,8,BAIXA,VAREJO
4de61c61320d06f94ebc992a8ea2e217ecd1820334ac3a749992596a6ceafab4,Cliente_154,RECORRENTE,54,MÉDIA,VAREJO
947335afc4ac2fbcf147701e3a16f57f4e9b4a3c6cc50f506a364582856678c1,Cliente_112,NOVO,2,ALTA,ATACADO
cae449bb8e528d9ea2b94bdedb0f54bcf97cd83af5e428dad223f22f9c55c6a4,Cliente_067,RECORRENTE,10,BAIXA,ATACADO
71b7962d463ffe3d4bf1ee2fac6bc96a4616d9788593562d4ce67ccca7aebb04,Cliente_025,NOVO,1,BAIXA,VAREJO
7c48dfc426d79f5557429180bab01236da9af470f624a7db47932cf736cc675a,Cliente_039,RECORRENTE,30,MÉDIA,ATACADO
2cba874df10025cc6658b223dd72a5c2ae74bd2a3673f9072b5f1e22bbc26af6,Cliente_198,RECORRENTE,17,BAIXA,ATACADO
6323905b20eace8ecc8ff2f1dc2cb95b352fb48fdb76be3e07601493b41b2386,Cliente_183,NOVO,1,BAIXA,VAREJO
7d3b982a37c087af38154c305bce51a1de82c27d9030bb2d17e2934cd12d56cc,Cliente_059,RECORRENTE,23,MÉDIA,VAREJO
2bbde37214fca8597eb8f5b5e159837a5ddf1bf70766f42ffdd9478804777de1,Cliente_132,RECORRENTE,21,ALTA,VAREJO
88472d204fea713b11e43ebc7de2c4ccb81c8444540beda6a954c7e9d1c2db2a,Cliente_181,RECORRENTE,41,MÉDIA,VAREJO
8678ab2fd37452ebb9a63c5ae858dbb3726f202eaad979eca61115b3f2a08201,Cliente_136,NOVO,4,MÉDIA,VAREJO
6843690b380ee02ce1ce6fc09380c28a1e9794b763d3972092269aa6bb3b1607,Cliente_192,NOVO,3,MÉDIA,ATACADO
849eb81a5095e93b27a4f92bb2a654b25e26d364aff351c74aef9460d6566093,Cliente_147,RECORRENTE,40,MÉDIA,ATACADO
c15604c578f6e827f0495a22207b102d172c7c076ef38938bbea1694a85efae7,Cliente_175,NOVO,0,MÉDIA,ATACADO
e349950ad3d1135d6c08ba8e8a098efbcf66e8205b11e0ad3a0677f02386856e,Cliente_024,NOVO,2,ALTA,ATACADO
a1c8a1195b5d11eff8599865ac5d5a288569a0ae97c153e39b83cc0f5b911549,Cliente_194,NOVO,2,ALTA,ATACADO
52fbb07754c868493e9236693bd8d0d12a26081ef7abbf24a173a5a58608e7c3,Cliente_087,NOVO,3,ALTA,VAREJO
8c905980cacf72d4c1fec39b3f127eb0fd9d3f80bfcfa1257d6a0bb5c4708de8,Cliente_189,NOVO,1,MÉDIA,VAREJO
62fc3aa2b5460d13562d4e3e906908d72528daa701236cea1719ae08a33c9728,Cliente_029,NOVO,4,ALTA,ATACADO
deee4b29f35c6076f12e905682475971d61e551c01b6d935ddf8c048ec3f7026,Cliente_182,RECORRENTE,10,MÉDIA,ATACADO
2cc9d21fc0a267edb8991f0e8350c8e0d2f6cc2e3f8edb4455122623d16bd86b,Cliente_037,NOVO,4,ALTA,ATACADO
11149793cc3e02f0ad016711edf008846710afe9cb1d9686c7bf0b524335c422,Cliente_118,NOVO,4,MÉDIA,ATACADO
29873189357d664477b950fb43b8bed42f6b665e4193bb146e839731423e395b,Cliente_040,RECORRENTE,14,MÉDIA,ATACADO
b1f0aec5e05b1bee852890fbc0c9a107a5d3327d2dadc3f5c45593736920d992,Cliente_129,RECORRENTE,31,ALTA,ATACADO
c8e4eee2b4c5cd4d568c26ee8064b243c95ca27b2b05cda9fc4c2010250c58d4,Cliente_034,RECORRENTE,40,ALTA,ATACADO
9c0832c0e545302b1574adf96f439918da1955f68e32b212bcfa9b42abca9cba,Cliente_126,RECORRENTE,28,BAIXA,ATACADO
c0aaa33ecc7919c411e92cca81b51094b528fc15467a252bafdb5c73adf5f486,Cliente_099,RECORRENTE,44,ALTA,ATACADO
b2279a69804527d1fd423e29138be3a4fa529d1812d79e568074981a79fbb979,Cliente_046,NOVO,1,BAIXA,VAREJO
9c8bb9bb4b94d61ecfe51b24619c32c3f9749760c157ac1cbd6ec512a81dd74b,Cliente_088,NOVO,5,ALTA,ATACADO
ded50497546c8fe7550b65bff3f70cc995e8d8e43da2b9369b6fa13f131af525,Cliente_038,RECORRENTE,29,ALTA,ATACADO
4423dcab9c0af1d799ca6222820838ea1198f6f86dac99e5b6acc44525e8c6d2,Cliente_015,RECORRENTE,9,BAIXA,VAREJO
1fd28ac2c38cb92ecb09c70cac1871c236a4b554b8fa94b11f4a478b67f12468,Cliente_080,NOVO,0,BAIXA,VAREJO
2675f4e4d33b7e07e970b8caa3223040df4a40d9f4703aa98aff31ba9cd56599,Cliente_167,NOVO,1,ALTA,ATACADO
3fc5c46d04401d4f5650d7d41a29dc4d81023cb487a30772c949fe8c5dad19f9,Cliente_013,RECORRENTE,47,MÉDIA,VAREJO
d30a37abae30c077afef248c0bcfcce74d6eff2e4c4933d65a8be00ac055c307,Cliente_101,NOVO,3,BAIXA,ATACADO
fe4686ee221412b7f009a31c60c544b1e61d5de815719abb53d9421000bf8aa9,Cliente_058,RECORRENTE,22,MÉDIA,VAREJO
024b97cfbcecbd22730a4d87b35bceddf3834fc4e59c51234e7d0d76803e57b1,Cliente_104,NOVO,5,ALTA,VAREJO
aaf82f11db8c9c520ac1c07422d7b003bf24e08d021abfc3d45eb29b06c35271,Cliente_142,RECORRENTE,30,ALTA,ATACADO
528ec766190176f6acac2a668c18f39ab265978515bf93075eb1d38320b39e11,Cliente_174,NOVO,3,BAIXA,ATACADO
3dc38aa6e958564b7040eb760981d713af77a13948d4288869125530138a5cc2,Cliente_117,NOVO,0,MÉDIA,ATACADO
295066d33c4170efbfc64e3dcd79b746fe6a1614762b2da62148de5b7857b15e,Cliente_169,NOVO,1,BAIXA,ATACADO
97eb825f9ee25c682a4df2f5d516ef70618acc9fad447c9adda513959544bb1d,Cliente_002,RECORRENTE,59,MÉDIA,ATACADO
77fc28a7a7633af52462410734f74b06868137fe8395f04d9f617b7993f81457,Cliente_118,NOVO,0,ALTA,VAREJO
5f714af7402bcb62e7e4824ce689cc45ab68fc4c3f87cb6d3cdaac300f10a992,Cliente_188,NOVO,0,BAIXA,VAREJO
20647aab100d9134c2d66af55ea4cb254d2cde8e5e3269800520c7519f3974aa,Cliente_141,RECORRENTE,36,BAIXA,ATACADO
7092d36eb056fba720e3750c100dfb325d5d974b2f7dfc747e9b8d3b064e3081,Cliente_143,RECORRENTE,14,ALTA,VAREJO
8c17e5f668d7e7523891b2d51aecc9812c3eeb52302f88208ec15b0946348f8e,Cliente_024,NOVO,5,ALTA,ATACADO
2aac1771f6fa470bf22439f3b635d1aa4139639e643230cadfcaecd0125350a1,Cliente_066,NOVO,3,ALTA,ATACADO
46cf6a4ee5a08394b246e8a32484c0298f89ac74b36ec0fdcd24ccd4ea8c7beb,Cliente_077,RECORRENTE,7,BAIXA,ATACADO
e7f0dd5f06b9f99bec358b742ab60901a1ba7a02159fdcb81511d285191fc856,Cliente_175,RECORRENTE,43,BAIXA,ATACADO
46e319df12df490dcbfd5829b412d3a15bf816aad226d74bd68c8c016a44f1d5,Cliente_029,RECORRENTE,42,ALTA,ATACADO
c39d6419aa18eef7cff50c75eda1046c5f1323d355b93c596413165b83876450,Cliente_016,RECORRENTE,24,ALTA,ATACADO
5d81740575baf6f6939186613b04dedf9e3ab55c3b667c773b94597916c03b5f,Cliente_002,RECORRENTE,38,MÉDIA,VAREJO
8431f3195dafc364a6981b5d1f6a24b58b64d5275e794f3c9acb58224233a8b0,Cliente_167,NOVO,1,BAIXA,VAREJO
4b925d73b03b1519ee335d551346631d0bac7d9f2de9d7d0025dbc34fd7f89b2,Cliente_010,NOVO,0,BAIXA,VAREJO
ad6324a8319856b9a3a31b476ff9d40a9ee5f05fc39441eb2f8da41e4dc12319,Cliente_175,RECORRENTE,49,MÉDIA,VAREJO
248f6853274d2a12b982b55c8c4a94f3fef18a97e72f62bcd9310076f3a29e2c,Cliente_036,RECORRENTE,53,BAIXA,ATACADO
828300b01e5a7617f35c39030c63cd4a6add45da1a82ae11c9377b20b8ad39a4,Cliente_155,RECORRENTE,19,BAIXA,VAREJO
fded4967e88637862d49526db769c297b7f900ef7f759b8db05e88ba19d8c896,Cliente_120,NOVO,1,BAIXA,VAREJO
3231231107cb1652e95d4d0ebee0f4d33a1834beef59c05afe39369bc512cd32,Cliente_151,NOVO,2,MÉDIA,ATACADO
59d230bca2335088c385b7e2cbd491f192e86f24ccf6c034ad76f1fb2f1d2e96,Cliente_063,RECORRENTE,50,ALTA,VAREJO
a0856309baf675df14ea56dd0a1118da1bfdd74ff0acc49d4d3db28bb5bd5627,Cliente_012,NOVO,5,MÉDIA,ATACADO
aaad3f019517405e083a57908be6ac87b4fd06e450914331bcd741a56855b6e3,Cliente_027,RECORRENTE,7,ALTA,VAREJO
61624e08ae5b0a549243d486af2d66888cee85511edd10e35df1e6d1b6627e46,Cliente_137,NOVO,5,MÉDIA,ATACADO
b8e6953446985732d0c57708fd228fa8e7cbbfcb1059749760d1f414ce65c880,Cliente_043,RECORRENTE,30,MÉDIA,VAREJO
98a09a34498efdf69ab65cf69fd4d8b5185e23d574c22fe07d79e24566cee4c4,Cliente_108,NOVO,2,ALTA,ATACADO
039ca7708a2a7400b05d523d670ce6551596c41e4536d8d580f09670b7da9d3b,Cliente_126,RECORRENTE,32,ALTA,ATACADO
6c896549b8bf414b694d3afd7bc32a654b5a33e29d5585161df93a2c6fc4e6e1,Cliente_119,RECORRENTE,29,MÉDIA,VAREJO
ad197e19018bf5ba89d36286e01e4c5839cab69ddcb7ccd696ea563f45972fb0,Cliente_199,NOVO,1,MÉDIA,VAREJO
0c108c08e2e85641208c9340244c86701e6e2d44558baae5425292356e0863fe,Cliente_003,RECORRENTE,58,ALTA,ATACADO
2a7d09e705d4194eb7c54cdb7d0a8b27c61b065b4a7bf578d00c812f78a2550f,Cliente_178,NOVO,0,MÉDIA,VAREJO
f5a9b31e89a03e83e2b74d09069ac65c455718aea4ee117cfc7d6797696761e2,Cliente_115,NOVO,2,MÉDIA,VAREJO
7334f16c72949df361fb66c90188325b6ca76c74ab4264ac19b4055a99ca0d15,Cliente_041,RECORRENTE,49,BAIXA,ATACADO
92bf33933a1251644a0c709ec29afc30850c8fd2ae2bbb77b147611d8a8d2f2e,Cliente_017,RECORRENTE,12,MÉDIA,ATACADO
a1fcb85ebe8fef6c73f280d67b4cf0599dbf2523c788c5a4021cbf69af68447b,Cliente_115,RECORRENTE,26,ALTA,ATACADO
0bd1f943a237ad830689f5b3c2b9914a6b9c4d04c88430d28f907482b8968b4e,Cliente_027,NOVO,4,MÉDIA,VAREJO
0425d4d7b9ee233316fd54bc6e4c078afdde411e998d99ef4567d283ac9940d6,Cliente_066,RECORRENTE,58,MÉDIA,ATACADO
7f2c2d1162aecdbf6981cd8262d57fac61eacb4e8055b025ad0632ef71fd0292,Cliente_084,RECORRENTE,40,ALTA,ATACADO
c1e9792c7210034482901da678a15cfea0e5c69041b964ac0347f5fa50444eaf,Cliente_165,RECORRENTE,41,MÉDIA,VAREJO
7797f563bd67d69742e4b46ff331399e06a802b69a64baaa9615a59eb50755c1,Cliente_091,RECORRENTE,25,MÉDIA,ATACADO
47396dcbec2ec8c11f27bee2cf36fe114bace6c54ac148641619674b644c9753,Cliente_162,RECORRENTE,29,ALTA,VAREJO
1b1ec9404644c93a7bdb48f92a3f9d877f197f93128ee64c7529b313698b585e,Cliente_057,NOVO,3,BAIXA,ATACADO
a8e14dd99fad7e8dddcf532e963b8af2dd4e20b63951230fce5bb3155ef267bc,Cliente_132,RECORRENTE,8,ALTA,VAREJO
7549a1a3e70f17904c3cf97de25e8b81b57d0b9d213828971916000f86f7b561,Cliente_084,NOVO,3,BAIXA,ATACADO
bc375f224af67a9eb9183be5ef3c3f581ad4d2e3500303d9e0729ec6e907bae4,Cliente_120,NOVO,2,BAIXA,ATACADO
e29724d66852e4bdeffd0db48476b0fb129d7592871efea1c4ca2b5697738919,Cliente_062,RECORRENTE,48,MÉDIA,VAREJO
faf437a13966ac25986a8eb117d3b52f2ef0c3e06ad01e30216fbeee6d055d60,Cliente_113,NOVO,1,BAIXA,ATACADO
6c6d219a20477edcb950a207f83821dd42f15d453be9de4c1b8c6f46923a525b,Cliente_151,RECORRENTE,58,BAIXA,VAREJO
2388d04b2930a3c77dd35ee60dd12cd0ce99f8c844ab28c78b37911a337da5f5,Cliente_012,RECORRENTE,36,ALTA,VAREJO
ba59605e9a34c39112f8277c72bd894e902a0e54293f0ac8a6d9bb19690efd83,Cliente_060,RECORRENTE,47,BAIXA,ATACADO
4ba1b7863eb09a52e6da6644bea7f7d9805793763d4d401139c5bf2e6d546353,Cliente_197,NOVO,4,MÉDIA,ATACADO
1d31d4f18532ad4d716c685f0c06e64960341a3f4f12e239f9ff039bcf902fd7,Cliente_112,RECORRENTE,24,BAIXA,VAREJO
1af962ef5e494294e092f0ee64b31a3ea4243782bd28a829ee81b16a26a60d68,Cliente_189,NOVO,5,ALTA,ATACADO
6e2d814973661154d21b0071f1063d03f03cf50c3e9ded5d81404188a672e20b,Cliente_188,NOVO,5,BAIXA,VAREJO
3639ef3c9851f363304e7d46355d013d22f26a13a27edd56f2cd5d47e493d3db,Cliente_169,RECORRENTE,57,ALTA,ATACADO
3889bcaa1855285a60001f299e11959add7d234767d2b3d4ec5baf760b4abd1c,Cliente_018,RECORRENTE,31,ALTA,ATACADO
f81a06f2da6e3ed7ee6f59f820f53caf8d1ef9e96cb646d8b7ad2141d97576a3,Cliente_185,NOVO,2,ALTA,ATACADO
fba27870335c118344cb32f5ed5b9d5dc42348a47b3a22d8c2908b285a658599,Cliente_016,NOVO,4,BAIXA,VAREJO
2c63ab4b0ac4150584547c826e37f8ef505e094167172e97538534e59644c366,Cliente_035,RECORRENTE,13,ALTA,ATACADO
e504f9b2ea4b7e04a8a16de26ad65dbb8d40993e4a0539294a8210f7d37c2c56,Cliente_081,NOVO,4,BAIXA,ATACADO
e1c8022f81dd5dd7ca81256189827400ebe3c4ee158a18cb5066f85b060b66fc,Cliente_144,RECORRENTE,35,MÉDIA,ATACADO
2045b706e7a7eca05787e729ab7376273197ff593d85a53b28fbb6fb807a8536,Cliente_178,RECORRENTE,56,BAIXA,ATACADO
8692f65e04408adf7a993319c4dd3e45e1ef1637ddc6be4b08b32c062944586a,Cliente_164,RECORRENTE,42,BAIXA,ATACADO
8b2cd028509a883c33e1ebb42528f6c40dd616c62698f105a85438723277992d,Cliente_190,NOVO,4,MÉDIA,ATACADO
280064667c84855acefc31a8d42285b9871889040e4d615194b51102a58db695,Cliente_103,RECORRENTE,48,ALTA,ATACADO
d5debfe80365fefaa7699786928d43bfc0618d71e047e955715be8b160d23d6e,Cliente_028,RECORRENTE,35,ALTA,VAREJO
034908db6a9f44a825cc76a6be1352a43d3ddb012ac8e789e5fe6f655de857ea,Cliente_151,NOVO,1,MÉDIA,ATACADO
db48e7657c26d86c290ed0a7a48d85aa6c130e618f082193c9641d9394f25ab3,Cliente_144,NOVO,5,ALTA,ATACADO
56f9cbe898b934fab29f739a9951a9a2b048e8625548b09b81eb495e0fecfb9a,Cliente_047,NOVO,3,ALTA,VAREJO
f4d98cac293754b5f268da71b859fb226796d692063c3ee670c82bbfa79c7fa6,Cliente_024,NOVO,4,BAIXA,VAREJO
6168a7e48d38f1f900c635148d0ef2c02dc6b41eae88ea88c789a1b44c8d2cfa,Cliente_146,NOVO,5,ALTA,VAREJO
d63121bcc2b32ec9a7c886cb7c8bebb8ea899ae1c2416056412bb2ad632dc9f9,Cliente_098,RECORRENTE,8,BAIXA,ATACADO
873009e3a1b77c0f0228304df1f71ac055fa89fc56da3e4f77487977ddc54a19,Cliente_017,RECORRENTE,56,ALTA,ATACADO
1c82e56403ad5939deed1bd35b9da24ee6de38f4225b92ef3d72cfbca156524e,Cliente_163,RECORRENTE,35,MÉDIA,VAREJO
a6ab22d5e45c17a0833d486c53d58602ed9e31bd58def70de6dfec7cfbb36cf4,Cliente_062,RECORRENTE,15,BAIXA,ATACADO
3d6059672fc36e425a0e46bcb590d0121800cbcd79125376159a8a73254d10af,Cliente_110,RECORRENTE,23,ALTA,VAREJO
70a63655d27021de0427ec65f4a05afbbc5265ce2476d5bb8627c98b0298fe3f,Cliente_090,NOVO,3,MÉDIA,VAREJO
78b979e1c6ca71ed934ecadea5a79623b286e2c1aaef656a364f4d5fa64486df,Cliente_033,NOVO,1,ALTA,VAREJO
d7ad33da7e99c84aa4e0994f9c785ca83e2056f03068ed2a2318923071fa9aed,Cliente_064,RECORRENTE,43,MÉDIA,VAREJO
f3e6e2b9c6249ea40bf0fc75631e62f509735aa0310eb527cfd77d239053e046,Cliente_056,RECORRENTE,12,ALTA,ATACADO
cbbb7f2186216383100c043399ea73650dbdf381b95dfa289cef4091d35379b9,Cliente_182,NOVO,1,ALTA,ATACADO
15ebbc7f3aea19240764dbb2abe11549ef21ac167d4c9ea31f14a6938ce85a26,Cliente_159,RECORRENTE,6,MÉDIA,VAREJO
bae018d2f94126ce6af0405c05886baa8e603210e69b68eb9f9e99e9ca392f56,Cliente_121,RECORRENTE,29,BAIXA,ATACADO
f82b9f2c135af6466e5680f572475419f02eb55ffb6b1ee06c7a0f8434eef1b4,Cliente_095,NOVO,4,BAIXA,VAREJO
cc8b3d8fdee1b345daae0b0c81f32ecd9b569b9b590e43be8d283d3e50a285fe,Cliente_116,RECORRENTE,53,MÉDIA,VAREJO
06541b08912c280c881781164074047b60918b26809ebdd8b0fe75bc04baf469,Cliente_055,NOVO,5,BAIXA,VAREJO
5b29610b24942848f1ab9c1528fa299ce89e156e264003e5d21a97f8cfc6e4ea,Cliente_051,NOVO,1,ALTA,ATACADO
de8282a59ddf62f468f07bb33b3a7a5fbb9b9df047087917c48ea376725ddd65,Cliente_119,RECORRENTE,54,BAIXA,VAREJO
7ec73b924c5acfe2d220f44fbb10360c25aa5420e5a8c187ec7cca4867bab092,Cliente_174,RECORRENTE,20,BAIXA,VAREJO
6700e99f411736c7c1f75bf84ac439e785647bb4b2b13e2c20a780915d12a064,Cliente_039,NOVO,4,MÉDIA,ATACADO
31fe383bf279d8630a0dab15f769fec9948c1ba6e74e771f95cad4e28ae04648,Cliente_030,RECORRENTE,54,MÉDIA,VAREJO
a753e1e7e7429deb29be76eb22aeeba6879efdee6f8fc4f89eacf607bd063ed4,Cliente_083,RECORRENTE,36,ALTA,VAREJO
b71c927655b3f9c0c98bfcf65874252192a4939c37feacc08a1becac65bbcf5c,Cliente_140,NOVO,2,ALTA,ATACADO
257e8d6e09edcb855b52fc9d3bdd1ec9a0a1f78150f987079488d2142a679855,Cliente_143,NOVO,1,BAIXA,VAREJO
97a8881d27da10dfeef5d26d83f8e18b84e8d18efb5bc1ed37633fc8c88033c3,Cliente_033,NOVO,2,BAIXA,VAREJO
e5f6e519826698b466683a89aa708fddd05c8a95864296261550903f836a35c2,Cliente_110,NOVO,3,BAIXA,VAREJO
67f3162447a122a61dd23b054bd06f20f47322234cd9b1181e758f782b0e2c19,Cliente_149,NOVO,0,BAIXA,ATACADO
1ad89c9f831e3b345b9598aea6b7f98e677f905e1e8d4d065d4bce3ece1ed887,Cliente_175,NOVO,5,BAIXA,ATACADO
fa75080ad810a804c2764fe073444814b60260addd1abeffca2eeaa84a58df53,Cliente_011,NOVO,3,ALTA,ATACADO
9ca1882b389b89712b391fbf6b68a562d6d0b6aa0914a40103d5fd3fa097b866,Cliente_125,NOVO,3,BAIXA,VAREJO
9acb0c7febdb0eed18b7b3391af219d5b1fc72cec08328a0a7b825eec8856532,Cliente_040,NOVO,3,ALTA,VAREJO
1f6dab28126c10e906bacd37a40788f242dd5371291fdae2a2965202bf0faf1d,Cliente_123,NOVO,2,ALTA,VAREJO
092ae52eb70b6dfdc3b2015470fd1d19a9d677a7f303a724f54abf464100acce,Cliente_093,NOVO,2,MÉDIA,VAREJO
a408e5d52b9a56f8a88aa1d91f470e6a9d17bb7f11791a2c9cf5a72de30fb272,Cliente_130,NOVO,4,MÉDIA,VAREJO
482d36bf41126dd1ac587554482cf2254373ba1d8f80a1479af20b79ff5bbaee,Cliente_029,RECORRENTE,22,ALTA,VAREJO
3650f959d089ab1a769d41fb960077a1c067cee5d2a18e96360d1107f1c6fa43,Cliente_146,RECORRENTE,8,ALTA,VAREJO
27efb07e310aebbb1040aa55c3763d8008107adb6677fe1d891868b4fad8475d,Cliente_196,RECORRENTE,7,BAIXA,VAREJO
d466633fb636a6d48bad3ec0faf4f9052b71bd87c19c2f98ffc9b32cdb81f5a6,Cliente_116,NOVO,5,ALTA,VAREJO
38038b8050321af105907ed7e448862ff16c8bf9cc76c8d430b37ee69f83b461,Cliente_143,RECORRENTE,22,MÉDIA,VAREJO
15e1c0d66da14996407696c6a585489347d870a60a1cfab8c29904a5626d10fc,Cliente_155,RECORRENTE,39,BAIXA,ATACADO
a4585bfad590600ee1c1849a4ea05f478d6498af7e58c31b9624e462d097db01,Cliente_197,RECORRENTE,45,MÉDIA,ATACADO
77408303b084f36abcb89b11f2a136c3819c3fc75f2c4bebfea09362e9628f51,Cliente_080,RECORRENTE,6,BAIXA,ATACADO
77a1489e573f8ce92c03416dd49dcc37e656e4b014abc843d18dd3b6bae67c7e,Cliente_117,RECORRENTE,46,ALTA,ATACADO
f987525379fc989480abc5986577164692dae7877d73ef1da5d2484f586fe83f,Cliente_134,NOVO,1,ALTA,ATACADO
dd4118864f5850819255e9a587d38b6336bf74ead97a7869e65c1a71fddf73b9,Cliente_034,RECORRENTE,49,BAIXA,VAREJO
cbd60999d1e96e2a86355eac6139270a4de2e671e9e26714623c82324c35eac8,Cliente_058,RECORRENTE,11,BAIXA,ATACADO
e68a8b976b09beaa86f58c9469c97d0fa830943c2f38556b04d151eab4fe4e8f,Cliente_082,NOVO,1,BAIXA,ATACADO
f23289830efc9672d970564516c7a36dbc774350657060ff2042f7bc532ced67,Cliente_043,RECORRENTE,49,ALTA,VAREJO
b9f9065a6d9943efead0b89c6879b650152ad51371537bd4305025850472a687,Cliente_097,RECORRENTE,7,BAIXA,ATACADO
acbb4723de420d8447d8f5bf0d355ec6e2ae616e915c5ba8ae68d109282762b5,Cliente_042,RECORRENTE,44,MÉDIA,VAREJO
f9cb8e746c92a1e06c5008f72a64559ec5846874c6f2f52a1f859debf307ad63,Cliente_036,NOVO,0,BAIXA,VAREJO
851db12bbc15681d03b5ad5593fefabfb120f7d822e3a20ad388bf4e281a4ce6,Cliente_089,NOVO,5,ALTA,ATACADO
2f781ea8fda21020a86a28db6e35eafec915be6fc370bbdca1cab1bc6fbcc171,Cliente_114,NOVO,1,ALTA,VAREJO
808ae0f20d2e9f0573da283c7b6e75063cb3d75ac8838f8e19a595cbaddb899e,Cliente_027,NOVO,2,MÉDIA,VAREJO
22b71eb2e938713c147114c87643824bba8744d13849083098efdbe8df3699e1,Cliente_045,NOVO,0,ALTA,ATACADO
b9a9ab9c98ce04512b6ee9d333a7d84ca53dd9a7e79b36a9f0feeeef7c54c17c,Cliente_029,NOVO,1,ALTA,VAREJO
a99e8eb02919880fe45471890ff6037636de68bc6b8f9f1d93314a1f50659ef9,Cliente_067,NOVO,0,ALTA,VAREJO
d67053f4e4ce117cc76ce7381fed3b02a888b427922a82f84af1d8ccd912153f,Cliente_096,NOVO,1,BAIXA,VAREJO
20cad3eaf278b48e6b9857dcb1dbe8e6551f30c0c2cdae077f6bb4c451cf0922,Cliente_088,RECORRENTE,21,ALTA,VAREJO
f5c69eae2399f87ecd696a4dea7542112ddf41ea21d9490d9182547aec7b39bc,Cliente_189,NOVO,1,BAIXA,VAREJO
27a265d35c9fa86f1f52edd63d3b2db707f927bdeb896127eb392efe71273f5a,Cliente_098,NOVO,4,MÉDIA,ATACADO
af6fa6e548593936defba849b7c7257c80d04c8a9ea8071d7440d3d469b774ea,Cliente_017,RECORRENTE,23,BAIXA,ATACADO
0c5a2248609cb210b03d0ed9f560641e472c85742d5587e50dc508a01503a9e6,Cliente_070,NOVO,4,ALTA,ATACADO
312e1852dc5a1a4ce11bd44e643a99dd03bf80587a9251644b13e5cf10c55c52,Cliente_091,NOVO,3,BAIXA,ATACADO
cbabcba00bd2715c752c084bfa734c2e88053f5c62baa387f4fa44737c3ac55c,Cliente_186,NOVO,2,ALTA,VAREJO
1c233c2a232fa5cfa999db5299b84d9d46322507485e98bceb363ac5dfa74e21,Cliente_021,NOVO,2,BAIXA,VAREJO
35e7f5586a0b029e1968f42e3bfb539a5c5876a7dbf0f44531d4cf5ea364e171,Cliente_068,NOVO,2,ALTA,VAREJO
3f95150e91d97a134a3e8f8a37347c3a604b68f8a7c972ae22b63bd1d80b352a,Cliente_052,NOVO,1,MÉDIA,ATACADO
15ada8b5d499439715e0d56ce0e3852b43a6b17d725dd9debd0c5ef84eb041f3,Cliente_172,NOVO,1,MÉDIA,VAREJO
4f780d9029e5ef2ac25f91c54fbb9e3cf148cb9ef0273cbb34aa6b45a0ce777b,Cliente_121,RECORRENTE,29,MÉDIA,ATACADO
ea59b6eb8e84667bfd63b48c355bc28250ca2b263f4b598b7a57d87db04a8327,Cliente_050,NOVO,4,BAIXA,ATACADO
1a66481bef2c1cfa99095486028e478e1444521c10ea6147481349998b855d23,Cliente_124,RECORRENTE,39,BAIXA,VAREJO
4a67a3d0fd975cd4d963fd624f2cfa2e0aee372c10a3ab540f712d7dee75b3ce,Cliente_110,NOVO,4,BAIXA,VAREJO
041b24199f6c97775d47a85eec21d8ba1e87505e7a63863e58b02a9f3cdebc97,Cliente_122,RECORRENTE,39,MÉDIA,VAREJO
c292888d6441bc66ccd5f414dc2a461addb4004775dcbad7f7bbd3db2b65ba9e,Cliente_067,NOVO,3,BAIXA,VAREJO
cc6464a2ee55827cb36bc0a2be3c21500313e2246e7e3a3b2335d20b23b2f731,Cliente_176,RECORRENTE,59,BAIXA,VAREJO
be5ad037724c55c173709fbcc1adf4d8bb7419b3fe3d3bbc867356d598bed6c5,Cliente_172,NOVO,4,BAIXA,ATACADO
1784b6f3e4bdcf6102040f893fde020af31d7528ec3a6d6455afe892a73ff75b,Cliente_115,RECORRENTE,42,MÉDIA,VAREJO
a271421ce51d9313cca9134c5089b6600dc4861a4d39749b2202a4e9dab4f61f,Cliente_041,NOVO,2,BAIXA,ATACADO
9b4947f55c664f927e9ce39b48fefc1ba7c0b9534d70fb87b3e6470d67bfcdc5,Cliente_095,RECORRENTE,14,BAIXA,VAREJO
ae1f77da7f9e928fef4bd8410c63e5dc548c05578a699f88857b316056e13495,Cliente_059,NOVO,0,BAIXA,ATACADO
f1d2a8bd98745fe0684fbe73333421b39149e35bfc9886ef5023be4cb9a9671d,Cliente_040,NOVO,3,MÉDIA,ATACADO
82da1787da3679cbbfbc80001f29ea374d493d89117a51cda4aaba2d1572f582,Cliente_064,NOVO,5,BAIXA,VAREJO
09e3b527edf0dec230b18946a79d775645f1dd9862c17019ef4da31b8f0cf750,Cliente_031,NOVO,4,MÉDIA,VAREJO
d2ad25f1819c5b5cdae0f9a247414b99f74da206211c5fdaf280ff50ea492151,Cliente_171,NOVO,0,BAIXA,VAREJO
0c54319c0cf4ccca2c229ff43f8ba228c5f8b7cd45e61ae5789e3d6dfccda8cc,Cliente_086,NOVO,2,ALTA,ATACADO
35cde75529d97dc3f7abf01765cf5df40d3b2aa49ef060ad4256fd7110db367f,Cliente_003,RECORRENTE,46,BAIXA,VAREJO
2866550e9b90a3f309090409be6d345fa44ca643fe37bb60b568f83d779c35ed,Cliente_070,NOVO,1,ALTA,VAREJO
cf3d1d5fd900b4b9b3d682a8fa7d4ead053cb393cdc70833ebddbee7f4e8b97c,Cliente_180,NOVO,0,BAIXA,VAREJO
540834251af9539e3dd11405b12e773ca34f48ab995d832c960b54726523fc73,Cliente_078,RECORRENTE,26,BAIXA,VAREJO
3de72b0fe3e4289d436aa35cc8b867561945f4a36093b9a047fc4708d5b67ef7,Cliente_027,RECORRENTE,34,MÉDIA,VAREJO
2eded56b5faa5fd12638704cb82f7d6ac3d4d55ff88abc668dfff99ad8ad67a5,Cliente_099,NOVO,5,ALTA,ATACADO
6222abf29d288b200af5dae86762e0c56d93b0d5dba9f5d244c619cfebdc2271,Cliente_021,RECORRENTE,31,BAIXA,VAREJO
0521f9097e6ab01898b2a7b0ca2acbb2f4e2557d685a298d5c86fc2e8a672f4e,Cliente_069,RECORRENTE,54,MÉDIA,VAREJO
c7aa1200ea536a4b0d7f9418c69ae3f6ae1a160b148bea0ebe1c10b38f7944c8,Cliente_085,NOVO,4,BAIXA,ATACADO
84e031aa3eafc6126486aa27fab74bad24bb5f24bda4e819e8ed673289fb33ea,Cliente_030,RECORRENTE,11,MÉDIA,VAREJO
1d82e18e65255001968cba04a3cb9470333847f12bb66ed52ef4bb2851255c3d,Cliente_071,RECORRENTE,33,MÉDIA,ATACADO
d590c7baf8bbfe3fe3af73d709590ada047e9d2907f500dd5f67c900cebc3eeb,Cliente_104,NOVO,5,MÉDIA,VAREJO
8625a49533f7123a7f8dd791af9c05b31a1a8e2be7dc21573ac7e15ca018395b,Cliente_198,RECORRENTE,13,ALTA,VAREJO
dee32bf641d3df0e2e1a5f5aa2c5d4858ae03fe5cbf6168efb9e577b8bd1ecc2,Cliente_062,RECORRENTE,24,BAIXA,VAREJO
82acfad2f5ae04bc6259ce64b9082eb1dc8cf3cf757fcb6c63b9ed5ae841b33a,Cliente_127,NOVO,3,BAIXA,VAREJO
fc6c8d1cf9bef66428db483f5402600802b027956805eedf73f43ac366960641,Cliente_068,RECORRENTE,34,ALTA,VAREJO
c18a74f7b486a27fbd8f96783636da91863befaae4d3f98ef7db19d75c093240,Cliente_020,RECORRENTE,34,ALTA,ATACADO
d5be171afa0709444d9e898613d4f52be312f2784a4a0c7350f3792e1916dca3,Cliente_016,NOVO,5,ALTA,ATACADO
fd1d722527272cb315b89eabd3331fdadb005ccb1d9c820e1c1d19d84ec71334,Cliente_045,NOVO,3,ALTA,ATACADO
6308a34503ba6cc4e491705d342fe20e62cc5635b210d78cd1696d86c3b06c84,Cliente_121,RECORRENTE,47,ALTA,ATACADO
52edbb1a21a58c34646f75aea56c8c653c7ab3d6d9f40f16e015828de50012c7,Cliente_139,NOVO,3,BAIXA,VAREJO
9667aa61f245a0354b471a7e892f78c1b9260329815a562e367376059f121c00,Cliente_103,RECORRENTE,13,BAIXA,VAREJO
ce2c6487b9903958c81cfd542f4a00aa7fea6877e4416b997afd15da53142e88,Cliente_171,RECORRENTE,23,BAIXA,ATACADO
dc7c477f816e0afde5787b4f3b79b99b5d97982955ebd4cc855bea0bf29f8022,Cliente_007,RECORRENTE,48,MÉDIA,VAREJO
d2ee0b460b12b1bee76aac51b0e6bacecd0491a29ea92f3eafe9ea8e9d6538bd,Cliente_117,NOVO,4,ALTA,VAREJO
42f88a1fa2bf658a0d335d28ab2773e60c50945e81db7d4223733793543916e3,Cliente_063,RECORRENTE,50,MÉDIA,VAREJO
c41f3c4063d8dfab75e8dbd970d590ad0ba20cd3a9b2467be9998d674546b1d4,Cliente_104,RECORRENTE,45,MÉDIA,ATACADO
4a274226bb8f65b33cb5ba0800e756167eef9bc2ff63228c1a006599e2f72380,Cliente_042,NOVO,1,MÉDIA,ATACADO
9e4bc44e2af643ee1d0d8d9e71a03f0a849bc9c13aee091d9d5e40547656edaf,Cliente_140,NOVO,3,MÉDIA,VAREJO
062c87d2963d58be5c25ab3ac9e2f0c2fa06434d0f157213f6eb64ca7db3f441,Cliente_051,RECORRENTE,9,MÉDIA,ATACADO
abec5105a4ed8e50a1d16d4af48b8d8ab5a2db7a02d2ed4214d337d3ded8f0a4,Cliente_109,NOVO,0,ALTA,VAREJO
40ccd59cfb4f8b5ffff5de6851a2c2d2a01bdca2e6b92ff06ef567774dd3a579,Cliente_197,NOVO,3,BAIXA,ATACADO
b49998f5e70c3b1b490f405f8f62cf8e3cf5dc451cd07576bb93a5dc49a5d858,Cliente_055,RECORRENTE,14,BAIXA,VAREJO
770a54d69dcaf3a93ee3b6cb65af76c9b0a023353c62140b3bb00d1485777354,Cliente_142,NOVO,2,MÉDIA,ATACADO
6aa58d1e73cd68dfd05669a10c6cdfd58c0f2eb86778a6f5a5854effc900c715,Cliente_005,NOVO,4,MÉDIA,ATACADO
19487c932ec68dfd1fa67083b545b8cadc839edd5325c58b57432c19219960a3,Cliente_154,NOVO,2,BAIXA,VAREJO
f046b627a05d2b0e01b5930e21f946cf3fa699c3936d6197f64e0a3ebfcae354,Cliente_102,RECORRENTE,50,ALTA,VAREJO
f0b81f17dc0e7bcfeffdd947342ac6400c7143afa39199e3ec66fc5d4b1b3ba9,Cliente_033,NOVO,1,MÉDIA,VAREJO
d512327681898ba53ca5131b936d8b37add79351cfd5d47060771a51b4a46d95,Cliente_032,RECORRENTE,29,MÉDIA,VAREJO
c4a4159ec18c5b7370d348dc9ea2c1a0e9f61ebe6ee30d8b0bd981a3d20a06b8,Cliente_068,NOVO,3,ALTA,VAREJO
9a5559c3f8fcd45f7d60c363e7fb5c5128c1cda29b414a69eef975d4fa8c9a24,Cliente_004,NOVO,0,BAIXA,VAREJO
8bc0e82c41a7db9988fdf5e9cbccef39873180fae8b2ee213b8107af399750c6,Cliente_138,RECORRENTE,31,ALTA,VAREJO
7c5f45893d179801594721f5ade7f89f283fba68a22937a0adaf0d51ddd29304,Cliente_133,NOVO,0,MÉDIA,VAREJO
191aad389eb85a2347061d59162136abd5cca94199e3daafc78223eee00f9880,Cliente_053,NOVO,0,MÉDIA,ATACADO
3fa05fb8c28c6720421a10ddc96e8c6c73edc7db7c782ce2bac1157b4dc7ec01,Cliente_103,RECORRENTE,27,BAIXA,VAREJO
5aaef134ead361774bf63295a4904c32805fda719fb83c373838d40ed21b19ec,Cliente_077,NOVO,5,MÉDIA,VAREJO
f8a77365ed89729e76ab953918ebb28e6b9efc61142d490ad7447143b60e8bab,Cliente_035,NOVO,5,BAIXA,ATACADO
94a5f8b2e74a04fb700c13f038fc108a5e8434845f587095d1d620363bb64e2b,Cliente_080,NOVO,4,ALTA,ATACADO
50018a7694712eecc16c72dc794ee40b9f97485501a931037047810160b52a9e,Cliente_137,RECORRENTE,7,MÉDIA,VAREJO
23bb7ba7e6b1fc02c0738329f36dbb032a2e32b5045ffaa56044925369c4896d,Cliente_178,RECORRENTE,13,MÉDIA,ATACADO
7d7802698b094ff7c0267874cbc03e0b6845c0170750056b9bc093d1292541dc,Cliente_147,RECORRENTE,54,ALTA,VAREJO
20326d92b249ab0ff3fa9cabd37d0ac0787f48188d1828f7b4a3880fcc52746e,Cliente_166,NOVO,5,MÉDIA,VAREJO
ef5f1f19d6121c77bb578a7e767bb56801edecdad0ae89a3de3a7734d36c8713,Cliente_078,NOVO,4,ALTA,VAREJO
7411fcc635c71bf1b5e50938ed2ee29a6010d5ba16bdf190f5023c0b6c63c6f3,Cliente_086,RECORRENTE,56,BAIXA,VAREJO
9147cb63e962b0c3689bd0d0ca91d16830a3a3b1cf6a45aa5b33c1a5e3d88745,Cliente_043,NOVO,5,MÉDIA,ATACADO
10e19a44cd7d758a50d89e07f91aa47d1d4a8d4ab54b4b806fc717d30773d63a,Cliente_020,RECORRENTE,12,MÉDIA,VAREJO
e00287f1b9cd2a4a89d9bb0e47129e34453886edb4503a5149f24283cabdcac8,Cliente_030,RECORRENTE,23,MÉDIA,VAREJO
c7d9c51c7eb10e1553643596ddf5b1ba2d6000b79916a22e505ca21f6b93b8e5,Cliente_111,RECORRENTE,14,BAIXA,VAREJO
d50f921e009fa790c250e67a8504920a69121ef30e8f1e10669c565e30777c31,Cliente_022,NOVO,4,BAIXA,VAREJO
b0c4cb3e3eeccba1bbe315094b27b48e239192560686f3fcce5ad0867c67a8d1,Cliente_083,NOVO,5,ALTA,ATACADO
f47f4a82cb626f861fd9e23202f527d134889e41dda48d05de8e7829c7183528,Cliente_007,RECORRENTE,35,BAIXA,VAREJO
a30359aecf5aec6ffa2085833d89998997977dfc02bc5c4b022ce42ec3131c33,Cliente_138,RECORRENTE,46,ALTA,VAREJO
bc30b3dce7ba341e63e6bda739cb2e4d964ec7f9467154d9c35fc7cd8114f856,Cliente_099,RECORRENTE,49,ALTA,ATACADO
d2b738335de1c415a817189ea658dc608ce847f57668215209d2caa4b5aea176,Cliente_092,NOVO,4,ALTA,VAREJO
3021ef02c821b46e14d0103138c80dd8c629d8d01e5654a54ea311a14513e5d6,Cliente_019,NOVO,4,BAIXA,VAREJO
983374fd295994deb55396db2b3a183901ea763b7399ccb39695247af5dc2097,Cliente_188,NOVO,3,BAIXA,ATACADO
e7bc473b0bbdb08dd2c383ac69761c785b0aca851cba3e8d49619e6616638655,Cliente_123,RECORRENTE,58,BAIXA,VAREJO
bd4323e0f5b9621fa94593f00932ff031ce1081a913a933b6dc6bdaf65e2bf58,Cliente_154,RECORRENTE,46,ALTA,VAREJO
c6ca35a5f59e702170790e9408b790530ceef03e3a859b95f81199c575835359,Cliente_115,RECORRENTE,11,MÉDIA,ATACADO
45fbbad3e41e4c3f94c4813bab1d7d9f606dd389dc8bfaed00f4fa45766f9f5a,Cliente_179,NOVO,1,MÉDIA,VAREJO
1524f44312eae8321105871ca72a819d1bb3c4a86b2bddbb1a43e5a02f5bbff1,Cliente_150,RECORRENTE,51,MÉDIA,ATACADO
3490131eeba9e9f965be3e33ab146094b523e9b2a966df2ad644ad3ec89dba64,Cliente_062,NOVO,4,BAIXA,ATACADO
b57a34ecce0ddc5ecf8a150d1c206e608bf709f14cc950410b4d108506738ebe,Cliente_012,RECORRENTE,38,ALTA,ATACADO
e061611d4dab6de1d7ad1e8dfcf32742d4c44e66dccb2780475a7e725d36be95,Cliente_109,NOVO,0,ALTA,ATACADO
5bb848065ccd07649bf2fd74144ddb2a8947b7dba7557c71ab654515a1bb39ef,Cliente_120,RECORRENTE,50,ALTA,VAREJO
9859aa5531cdc8e56b13fa6af0581c94c6c5bca71d654448dcfe597c73fe1fc7,Cliente_098,NOVO,0,MÉDIA,ATACADO
056023301e02b6ce0491f1f8c9658902ac2d5282cbca7c248e670071801cd1f4,Cliente_109,RECORRENTE,19,ALTA,VAREJO
045fdfc501c5eaad297d5eb2ef694db12c9a7abaeca5db582aa210497cc70b5b,Cliente_065,NOVO,4,MÉDIA,ATACADO
79e4b7df252a815be25d0c86806bb216c0ae0f53194b99df83da084f03c5c271,Cliente_027,RECORRENTE,13,ALTA,VAREJO
af07dac6fbf4a6eea69ac8f2bc63d383bf4467fc06698c442a962bcd7afa86ec,Cliente_169,RECORRENTE,47,MÉDIA,ATACADO
7e629e8fd45bccc83218770ebf154ba5bcbf177c91cfe9e014bd02f6a03da58e,Cliente_094,RECORRENTE,56,BAIXA,ATACADO
9bee84b9d7534a29ebf038376dc3a9e8d61b0f2e424a4e55f0fb8789a4782216,Cliente_134,RECORRENTE,10,MÉDIA,ATACADO
4b51f1a2bfc70bde0fc4bf6f294276bbe5ce695a8d42b3541b335af91cc0e31c,Cliente_196,RECORRENTE,32,ALTA,ATACADO
bba65f298fa8d58a5306c101b101971035d0327632ab2c4eaa3cdb1d6783ddaf,Cliente_048,NOVO,4,MÉDIA,ATACADO
4961069c856ecd710fcb85b3d65ccafd4c14d08e99fe6b4093148961c528f010,Cliente_062,NOVO,3,BAIXA,ATACADO
d66656a873a0373fe0f53d23f6dcf867dfe31dafdf025d4f289cb5749fa29f89,Cliente_066,NOVO,2,MÉDIA,ATACADO
58febd4080b6927cf141b4ae7ab49bd7189a6bc80857678902412b8f5ee88199,Cliente_178,NOVO,4,MÉDIA,VAREJO
a05fe6973ebadd90b4454c2d0ec95c296fa5219291eb68331b62cbc8f6476ce1,Cliente_021,NOVO,1,BAIXA,ATACADO
7c26ee8fd5789d57cc3df300c29d9989d4beb84638174899721d723a4d125be9,Cliente_041,NOVO,2,BAIXA,VAREJO
abd671fa3b9f217cad941581971acfa5e816ac4e7f4ff8797418c0b44ac96b9a,Cliente_154,RECORRENTE,50,MÉDIA,ATACADO
43a2ad9935858ccf0b59c0651c79f68949828f42f11f2bc48a72975740127493,Cliente_153,NOVO,2,BAIXA,ATACADO
59d251c806207d952fe562b1c92818da712d1b0aaa6f4e52c2687ac3c6fe7bfc,Cliente_045,NOVO,4,BAIXA,ATACADO
044047fb942af2a46da82cf961d6d1334f63cb76875226fc452a0a4dcebd3b69,Cliente_038,RECORRENTE,54,ALTA,VAREJO
627c7e55c0c03144ff727c5cc2b73710a169cba4e458ae689f3595a892012c2e,Cliente_046,NOVO,0,ALTA,VAREJO
097ab36aefa326104bd4c1c61d6bc221124c18f2820644884c82e6bc22fc635e,Cliente_163,NOVO,2,ALTA,VAREJO
459eb0a6bd23dfd86f1c9b5c460becf1a6cffaf356edbf37e0674c085447d9c2,Cliente_163,NOVO,5,ALTA,ATACADO
3096d51385ea67a0ea3c0ea03a8adcbe0861358b2171083f7afd1ffcd1d48f30,Cliente_136,RECORRENTE,17,BAIXA,VAREJO
dfefe43ea08748526902cf889d9fe455840cd7354d29a424f1c8abed68597476,Cliente_151,RECORRENTE,43,ALTA,ATACADO
8011a2e0d20d71ff5d21a98d36f38778906935638b0927361bb629e924a69de8,Cliente_127,RECORRENTE,29,ALTA,ATACADO
826e489a38f60092455f687a377cebcbc33c4203a95e83c0ff31baea478eb331,Cliente_054,NOVO,5,BAIXA,ATACADO
e49f79d9b729c8f1c2a0839672306d095bf245571e7b57f2eb0e0a7480fa125b,Cliente_077,NOVO,2,ALTA,VAREJO
4c21636ed471e60260120dc709f456c162f085d0d25381ea0cbb242ee4e4015a,Cliente_089,RECORRENTE,47,ALTA,VAREJO
27f3bf22c8ebdf503c4d728ffdd82f44e91e6a5156a1ef0585362ecdf9b22a0e,Cliente_102,NOVO,4,ALTA,ATACADO
8704e4d0729fb3220da939ebfbac88e5a4c4da828bafd85b013df603ab5cf745,Cliente_064,NOVO,3,ALTA,ATACADO
71828a3fb3498514cc6ab35487a40816319f2a8adac829853ee285ee51d06a7e,Cliente_171,RECORRENTE,19,MÉDIA,VAREJO
756fe662c1d4946d24f9859396ddaef91090d40b3ed23aaebe2d9c5135ec3928,Cliente_198,NOVO,1,ALTA,VAREJO
b6dd6332031732475207529c29c440147c05cad5d449a411373443210051c017,Cliente_049,RECORRENTE,58,ALTA,ATACADO
cb93f2a71d126e737937011e460170cc59b42c74d1c6c3d4b41f4348583ad4bc,Cliente_034,RECORRENTE,14,ALTA,VAREJO
09b319539d1884220f9adf186f4d2982d0bf80336f2efdc20849a34c09ff4bc0,Cliente_192,NOVO,4,BAIXA,ATACADO
be7ad4309994fec7c4ae87fcb918acc24542d4838879b7e449efa2b8ccefaba2,Cliente_052,NOVO,1,ALTA,ATACADO
6cbfeb1fade324e4b9450707ef6e256fc43cebe04c5519b9deadceb7f7d9a8d8,Cliente_004,NOVO,3,ALTA,ATACADO
85bdfe6866887f53d2c5a1b42c0821f1d639cd4b760c37341faf58377ebe1060,Cliente_080,NOVO,3,ALTA,ATACADO
0bd599da1adff96096290fd501813b2af4e5d32a29fa7f932ad297a6ed9db0d3,Cliente_040,RECORRENTE,51,BAIXA,VAREJO
0d4565c77b8a347214f7b32693aec2acbd180dc8082ef979aedbb0cdd1b71a47,Cliente_135,NOVO,4,MÉDIA,ATACADO
74951668175cce7f79a8dd476aeafa2c78270961e6428c6b191f2e98d18f36e4,Cliente_172,NOVO,0,BAIXA,ATACADO
d8a5ecac3d953eae214fbbac9fb183c14449d9b8d38949342ffc02ddb648d817,Cliente_014,RECORRENTE,54,ALTA,ATACADO
52a8cfcc92be6679013aec7f96aacd361639ba8451e2dffa36349532ddf882e4,Cliente_057,NOVO,4,MÉDIA,VAREJO
795216f7d03fd5bd267df7c9aa5e98252a683fa57dd788059b2f68b67687dcf4,Cliente_135,RECORRENTE,12,MÉDIA,ATACADO
8ad83d3e59c6ca5e4573ab27150b21462d53a84d95762cf9374dc2c8a65f0b1a,Cliente_193,NOVO,2,BAIXA,VAREJO
391adb9f3803385b71900c3d5030d6950f5bdd9be134d32519c3fa8258dc920f,Cliente_077,RECORRENTE,33,ALTA,VAREJO
ee71705ff2efe62efb7d7b5bc57423ece99e150f56d40e92706aecb9e82bac4f,Cliente_161,NOVO,4,BAIXA,ATACADO
ee61fd65bb4c6bd8f7429a67d150e57d44042b46fe66c20e002a708eacdbcfe1,Cliente_184,NOVO,4,MÉDIA,ATACADO
219f4e9657018981de2a981b965befe183f7b18660e5e6773224dfa56c89d904,Cliente_113,RECORRENTE,43,BAIXA,ATACADO
5c3449d05ba0536e45125b82dc609e657a37f83a527ea5115a7591014b35084f,Cliente_028,NOVO,4,BAIXA,VAREJO
45af3fd2df36a2ac960af72a2e61a04a838148f891ae18542f0dba674ee86784,Cliente_106,NOVO,2,MÉDIA,VAREJO
15b54bed644ee95acef8e8746777a9fe6b5dbc3a40bfdb165e0587f25bc0141d,Cliente_133,NOVO,4,BAIXA,VAREJO
583824046365b76141b458cd17e2523de960aad7a460f58d4829de5536cdc428,Cliente_170,RECORRENTE,35,MÉDIA,ATACADO
4073231cbeb603184b9a383238bf60ea54e1382a4f550fd20489bf6b7aae0430,Cliente_196,RECORRENTE,49,BAIXA,ATACADO
004cf47596362b0610e13fb60c729314ea37b9f24d899373c38908ee3b44bbd5,Cliente_071,RECORRENTE,23,MÉDIA,ATACADO
c75c817ddc6a48645013de69344b77b557a318d9416907d3ef250314a031b45d,Cliente_141,NOVO,3,MÉDIA,VAREJO
5e101ca8ccb9ebecf97a24803ac653c3e27d670b7cdc7741432d46e676b5cd16,Cliente_056,NOVO,0,BAIXA,ATACADO
225000ba5eef8d6d4a88ae837b370cd35f73a5d1df54802aabd30e7f0966f570,Cliente_132,NOVO,1,BAIXA,VAREJO
09f726c06f9915459dcc93abc82910f37bbbbe6270381a3456f05bb9a57068d1,Cliente_141,NOVO,0,MÉDIA,VAREJO
82aab3df75cdacf1e9f313074aa52aff7bfc42a6e96d4143be91ff23a1c40f00,Cliente_109,NOVO,2,ALTA,VAREJO
5df5a48202219cbca441ca93cc5cd6b8bd73e9920544dc6775852295d1be95b5,Cliente_196,RECORRENTE,8,MÉDIA,ATACADO
08b519bf7db1af88174ea4a98ea4ce7622bc35865977d6995238d4af465c4113,Cliente_129,NOVO,5,BAIXA,VAREJO
f25fc69ecccd0627d772db079d7bc532a4fda1922e7558ced6de4fd24e1adecf,Cliente_005,RECORRENTE,46,BAIXA,ATACADO
5158c5e8e69d0ff39cd528e8e6d99894d9ddf45d4ae567e2b7ff5f4c3abb60f7,Cliente_024,NOVO,5,BAIXA,ATACADO
c3455da068c27783bd15d86d1d9becf490f02bd5553f28f89b1b1462bec22173,Cliente_033,RECORRENTE,45,BAIXA,VAREJO
6c8d80c84426f7a3b73eeb8ddaebbd6994b8dfa04cb406725c9737b2305d7055,Cliente_128,NOVO,0,MÉDIA,ATACADO
207284dd9ad9eda54c4a66884675a4d671b6afe322791cdebcb5a87249ab403f,Cliente_167,NOVO,1,BAIXA,ATACADO
72ffbd06c00cf6c8806e0a746359349a8911c24f4299563ccfd9800b21663f1f,Cliente_154,NOVO,0,ALTA,ATACADO
52345e7a7f7cabd93c61968749dbd9254e4376a05309a4634aec32c02c5ae578,Cliente_065,RECORRENTE,51,MÉDIA,VAREJO
f1722a514cae9bbd4ebbac5aac6988da4bd6f5b62b74730ee836887f5cc87615,Cliente_150,NOVO,0,MÉDIA,VAREJO
997bf2dbb044b88e75b2b690a5ddf563f768683b8ebbf99bc7e12eccaaef55a8,Cliente_106,NOVO,4,MÉDIA,ATACADO
3359a6e7d54709dc69539c39bcfbff7483a87e0046bd1f94ff8583f22b541eda,Cliente_081,NOVO,1,BAIXA,ATACADO
faf64a146798a7e88d1ffb60b074c8b0c9d23714c5b549f6c560f25886a88192,Cliente_057,RECORRENTE,57,ALTA,ATACADO
f9156d1d1aa1c232f6077246687a854810847eb023230b5060702b15e411ea7c,Cliente_052,RECORRENTE,49,ALTA,ATACADO
b91d67671a55646e1dd80f760ae8853125bdc1dd8b7dcb1fa42aab34d85c8dec,Cliente_130,RECORRENTE,35,MÉDIA,ATACADO
d324e054ebd61882101ce9c58a96d955aa2ac6c70b069f7ff0648e6cf8defca1,Cliente_033,RECORRENTE,48,BAIXA,ATACADO
d36a07a5c13e5502f587a32032f5c6417ab6da94207425f82ac6e753008e4b6d,Cliente_093,NOVO,3,MÉDIA,VAREJO
5d9a52a35d67ad75f7e89121064362c9f84cfeafb91bc98f1d6fb63a276b3775,Cliente_167,RECORRENTE,38,ALTA,ATACADO
628de3acc5f89b3047d48234ed1e641270eec966dd63b5529133bf824cc7a980,Cliente_013,NOVO,4,BAIXA,ATACADO
4ef14f50d22484879a3da7c6d2ff3682ecebd5933dc03885c7a2cad055aa3172,Cliente_183,RECORRENTE,17,MÉDIA,VAREJO
3dc298790ab2b4dedf1b2b62ce83bfa969f6f865f6efb4c230528c0ba8f468dd,Cliente_156,NOVO,3,MÉDIA,ATACADO
